/*
Navicat MySQL Data Transfer

Source Server         : localhost_3306
Source Server Version : 80030
Source Host           : localhost:3306
Source Database       : smartschool

Target Server Type    : MYSQL
Target Server Version : 80030
File Encoding         : 65001

Date: 2024-04-04 15:34:28
*/

SET FOREIGN_KEY_CHECKS=0;

-- ----------------------------
-- Table structure for acl_permission
-- ----------------------------
DROP TABLE IF EXISTS `acl_permission`;
CREATE TABLE `acl_permission` (
  `id` char(19) CHARACTER SET utf8mb4 COLLATE utf8mb4_0900_ai_ci NOT NULL DEFAULT '' COMMENT '编号',
  `pid` char(19) CHARACTER SET utf8mb4 COLLATE utf8mb4_0900_ai_ci NOT NULL DEFAULT '' COMMENT '所属上级',
  `name` varchar(20) CHARACTER SET utf8mb4 COLLATE utf8mb4_0900_ai_ci NOT NULL DEFAULT '' COMMENT '名称',
  `type` tinyint NOT NULL DEFAULT '0' COMMENT '类型(1:菜单,2:按钮)',
  `permission_value` varchar(50) CHARACTER SET utf8mb4 COLLATE utf8mb4_0900_ai_ci DEFAULT NULL COMMENT '权限值',
  `path` varchar(100) CHARACTER SET utf8mb4 COLLATE utf8mb4_0900_ai_ci DEFAULT NULL COMMENT '访问路径',
  `component` varchar(100) CHARACTER SET utf8mb4 COLLATE utf8mb4_0900_ai_ci DEFAULT NULL COMMENT '组件路径',
  `icon` varchar(50) CHARACTER SET utf8mb4 COLLATE utf8mb4_0900_ai_ci DEFAULT NULL COMMENT '图标',
  `status` tinyint DEFAULT NULL COMMENT '状态(0:禁止,1:正常)',
  `is_deleted` tinyint unsigned NOT NULL DEFAULT '0' COMMENT '逻辑删除 1（true）已删除， 0（false）未删除',
  `gmt_create` datetime DEFAULT NULL COMMENT '创建时间',
  `gmt_modified` datetime DEFAULT NULL COMMENT '更新时间',
  PRIMARY KEY (`id`) USING BTREE,
  KEY `idx_pid` (`pid`) USING BTREE
) ENGINE=InnoDB DEFAULT CHARSET=utf8mb4 COLLATE=utf8mb4_0900_ai_ci ROW_FORMAT=DYNAMIC COMMENT='权限';

-- ----------------------------
-- Records of acl_permission
-- ----------------------------
INSERT INTO `acl_permission` VALUES ('1', '0', '全部数据', '0', null, null, null, '', null, '0', '2024-03-17 17:13:06', '2024-03-14 23:37:25');
INSERT INTO `acl_permission` VALUES ('1195268474480156673', '1', '权限管理', '1', null, '/acl', 'Layout', '', null, '0', '2024-03-17 17:13:06', '2024-03-14 23:37:25');
INSERT INTO `acl_permission` VALUES ('1195268616021139457', '1195268474480156673', '用户管理', '1', null, 'user/list', '/acl/user/list', '', null, '0', '2024-03-17 17:13:40', '2024-03-14 23:37:25');
INSERT INTO `acl_permission` VALUES ('1195268788138598401', '1195268474480156673', '角色管理', '1', null, 'role/list', '/acl/role/list', '', null, '0', '2024-03-17 17:14:21', '2024-03-14 23:37:25');
INSERT INTO `acl_permission` VALUES ('1195268893830864898', '1195268474480156673', '菜单管理', '1', null, 'menu/list', '/acl/menu/list', '', null, '0', '2024-03-14 23:37:25', '2024-03-14 23:37:25');
INSERT INTO `acl_permission` VALUES ('1195269143060602882', '1195268616021139457', '查看', '2', 'user.list', '', '', '', null, '0', '2024-03-14 23:37:25', '2024-03-14 23:37:25');
INSERT INTO `acl_permission` VALUES ('1195269295926206466', '1195268616021139457', '添加', '2', 'user.add', 'user/add', '/acl/user/form', '', null, '0', '2024-03-14 23:37:25', '2024-03-14 23:37:25');
INSERT INTO `acl_permission` VALUES ('1195269473479483394', '1195268616021139457', '修改', '2', 'user.update', 'user/update/:id', '/acl/user/form', '', null, '0', '2024-03-14 23:37:25', '2024-03-14 23:37:25');
INSERT INTO `acl_permission` VALUES ('1195269547269873666', '1195268616021139457', '删除', '2', 'user.remove', '', '', '', null, '0', '2024-03-14 23:37:25', '2024-03-14 23:37:25');
INSERT INTO `acl_permission` VALUES ('1195269821262782465', '1195268788138598401', '修改', '2', 'role.update', 'role/update/:id', '/acl/role/form', '', null, '0', '2024-03-14 23:37:25', '2024-03-14 23:37:25');
INSERT INTO `acl_permission` VALUES ('1195269903542444034', '1195268788138598401', '查看', '2', 'role.list', '', '', '', null, '0', '2024-03-14 23:37:25', '2024-03-14 23:37:25');
INSERT INTO `acl_permission` VALUES ('1195270037005197313', '1195268788138598401', '添加', '2', 'role.add', 'role/add', '/acl/role/form', '', null, '0', '2024-03-14 23:37:25', '2024-03-14 23:37:25');
INSERT INTO `acl_permission` VALUES ('1195270442602782721', '1195268788138598401', '删除', '2', 'role.remove', '', '', '', null, '0', '2024-03-14 23:37:25', '2024-03-14 23:37:25');
INSERT INTO `acl_permission` VALUES ('1195270621548568578', '1195268788138598401', '角色权限', '2', 'role.acl', 'role/distribution/:id', '/acl/role/roleForm', '', null, '0', '2024-03-14 23:37:25', '2024-03-14 23:37:25');
INSERT INTO `acl_permission` VALUES ('1195270744097742849', '1195268893830864898', '查看', '2', 'permission.list', '', '', '', null, '0', '2024-03-14 23:37:25', '2024-03-14 23:37:25');
INSERT INTO `acl_permission` VALUES ('1195270810560684034', '1195268893830864898', '添加', '2', 'permission.add', '', '', '', null, '0', '2024-03-14 23:37:25', '2024-03-14 23:37:25');
INSERT INTO `acl_permission` VALUES ('1195270862100291586', '1195268893830864898', '修改', '2', 'permission.update', '', '', '', null, '0', '2024-03-14 23:37:25', '2024-03-14 23:37:25');
INSERT INTO `acl_permission` VALUES ('1195270887933009922', '1195268893830864898', '删除', '2', 'permission.remove', '', '', '', null, '0', '2024-03-14 23:37:25', '2024-03-14 23:37:25');
INSERT INTO `acl_permission` VALUES ('1195349439240048642', '1', '讲师管理', '1', null, '/teacher', 'Layout', '', null, '0', '2024-03-14 23:37:25', '2024-03-15 00:18:39');
INSERT INTO `acl_permission` VALUES ('1195349699995734017', '1195349439240048642', '讲师列表', '1', null, 'list', '/edu/teacher/list', '', null, '0', '2024-03-14 23:37:25', '2024-03-14 23:37:25');
INSERT INTO `acl_permission` VALUES ('1195349810561781761', '1195349699995734017', '添加讲师', '2', null, 'save', '/edu/teacher/save', '', null, '0', '2024-03-14 23:37:25', '2024-03-14 23:37:25');
INSERT INTO `acl_permission` VALUES ('1195349876252971010', '1195349810561781761', '添加', '2', 'teacher.add', '', '', '', null, '0', '2024-03-14 23:37:25', '2024-03-14 23:37:25');
INSERT INTO `acl_permission` VALUES ('1195350117270261762', '1195349699995734017', '修改', '2', 'teacher.update', 'edit/:id', '/edu/teacher/save', '', null, '0', '2024-03-14 23:37:25', '2024-03-14 23:37:25');
INSERT INTO `acl_permission` VALUES ('1195350188359520258', '1195349699995734017', '删除', '2', 'teacher.remove', '', '', '', null, '0', '2024-03-14 23:37:25', '2024-03-14 23:37:25');
INSERT INTO `acl_permission` VALUES ('1195350397751758850', '1195350831744782337', '课程分类列表', '1', null, 'subjectlist', '/edu/subject/list', '', null, '0', '2024-03-14 23:37:25', '2024-03-14 23:37:25');
INSERT INTO `acl_permission` VALUES ('1195350831744782337', '1', '课程管理', '1', null, '/course', 'Layout', '', null, '0', '2024-03-14 23:37:25', '2024-03-14 23:37:25');
INSERT INTO `acl_permission` VALUES ('1195350919074385921', '1195350831744782337', '课程列表', '1', null, 'list', '/edu/course/list', '', null, '0', '2024-03-14 23:37:25', '2024-03-14 23:37:25');
INSERT INTO `acl_permission` VALUES ('1195351020463296513', '1195350919074385921', '发布课程', '2', null, 'info', '/edu/course/info', '', null, '0', '2024-03-14 23:37:25', '2024-03-14 23:37:25');
INSERT INTO `acl_permission` VALUES ('1195351159672246274', '1195350919074385921', '完成发布', '2', 'course.publish', 'publish/:id', '/edu/course/publish', '', null, '0', '2024-03-14 23:37:25', '2024-03-14 23:37:25');
INSERT INTO `acl_permission` VALUES ('1195351326706208770', '1195350919074385921', '编辑课程', '2', 'course.update', 'info/:id', '/edu/course/info', '', null, '0', '2024-03-14 23:37:25', '2024-03-14 23:37:25');
INSERT INTO `acl_permission` VALUES ('1195351566221938690', '1195350919074385921', '编辑课程大纲', '2', 'chapter.update', 'chapter/:id', '/edu/course/chapter', '', null, '0', '2024-03-14 23:37:25', '2024-03-14 23:37:25');
INSERT INTO `acl_permission` VALUES ('1195354315093282817', '1195354153482555393', '查看', '2', 'order.list', '', '', '', null, '0', '2024-03-14 23:37:25', '2024-03-14 23:37:25');
INSERT INTO `acl_permission` VALUES ('1196301740985311234', '1195268616021139457', '分配角色', '2', 'user.assgin', 'user/role/:id', '/acl/user/roleForm', '', null, '0', '2024-03-17 13:38:56', '2024-03-14 23:37:25');
INSERT INTO `acl_permission` VALUES ('1768321267015917569', '1', '招聘兼职管理', '1', null, '/recruitment', 'Layout', '', null, '0', '2024-03-15 01:00:19', '2024-03-24 19:04:22');
INSERT INTO `acl_permission` VALUES ('1768321641810534401', '1768321267015917569', '招聘信息列表', '1', null, 'list', '/recruit/recruitment/recruitmentList', '', null, '0', '2024-03-15 01:01:48', '2024-03-15 18:37:10');
INSERT INTO `acl_permission` VALUES ('1768587504309841922', '1', '跳蚤市场管理', '1', null, '/flea', 'Layout', '', null, '0', '2024-03-15 18:38:14', '2024-03-15 18:38:14');
INSERT INTO `acl_permission` VALUES ('1768588016618909698', '1768587504309841922', '二手商品管理', '1', null, 'list', '/flea/secondhand/list', '', null, '0', '2024-03-15 18:40:17', '2024-03-15 18:40:17');
INSERT INTO `acl_permission` VALUES ('1770093867481505794', '1770094903394902017', '添加公司信息', '2', null, 'csave', '/recruit/company/saveCompany', '', null, '0', '2024-03-19 22:23:59', '2024-03-19 22:32:15');
INSERT INTO `acl_permission` VALUES ('1770094903394902017', '1768321267015917569', '公司信息列表', '1', null, 'clist', '/recruit/company/companyList', '', null, '0', '2024-03-19 22:28:06', '2024-03-19 22:29:25');
INSERT INTO `acl_permission` VALUES ('1770315497885478914', '1770094903394902017', '编辑', '2', 'company.update', 'cedit/:id', '/recruit/company/saveCompany', '', null, '0', '2024-03-20 13:04:40', '2024-03-20 13:04:40');
INSERT INTO `acl_permission` VALUES ('1770348474279473153', '1195350397751758850', '修改分类', '2', 'subject.update', 'updateSubject', '/edu/subject/updateSubject', '', null, '0', '2024-03-20 15:15:42', '2024-03-20 18:30:30');
INSERT INTO `acl_permission` VALUES ('1771568416664449026', '1768587504309841922', '商品轮播管理', '1', null, 'banner', '/flea/secondhand/banner', '', null, '0', '2024-03-24 00:03:19', '2024-03-24 00:03:19');
INSERT INTO `acl_permission` VALUES ('1771852991735054338', '1768588016618909698', '编辑', '2', 'flea.update', 'edit/:id', '/flea/secondhand/save', '', null, '0', '2024-03-24 18:54:07', '2024-03-24 18:54:07');
INSERT INTO `acl_permission` VALUES ('1771855819325095938', '1768321267015917569', '兼职信息列表', '1', null, 'plist', '/recruit/parttime/parttimelist', '', null, '0', '2024-03-24 19:05:21', '2024-03-24 19:46:47');
INSERT INTO `acl_permission` VALUES ('1771855875180642306', '1771855819325095938', '添加兼职', '2', 'parttime.save', 'psave', '/recruit/parttime/save', '', null, '0', '2024-03-24 19:05:35', '2024-03-24 19:05:35');
INSERT INTO `acl_permission` VALUES ('1771856006890176514', '1771855819325095938', '编辑', '2', 'parttime.update', 'pedit/:id', '/recruit/parttime/save', '', null, '0', '2024-03-24 19:06:06', '2024-03-24 19:08:09');
INSERT INTO `acl_permission` VALUES ('1771865967141634049', '1768321641810534401', '添加招聘信息', '2', 'recruitment.save', 'rsave', '/recruit/recruitment/save', '', null, '0', '2024-03-24 19:45:41', '2024-03-24 19:45:41');
INSERT INTO `acl_permission` VALUES ('1771866524552052738', '1768321641810534401', '编辑', '2', 'recruitment.save', 'redit/:id', '/recruit/recruitment/save', '', null, '0', '2024-03-24 19:47:54', '2024-03-24 19:47:54');
INSERT INTO `acl_permission` VALUES ('1771933407011717121', '1', '首页banner管理', '1', null, '/banner', 'Layout', '', null, '0', '2024-03-25 00:13:40', '2024-03-29 20:22:43');
INSERT INTO `acl_permission` VALUES ('1772287154191716353', '1768588016618909698', '添加商品', '2', 'flea.save', 'save', '/flea/secondhand/save', '', null, '0', '2024-03-25 23:39:20', '2024-03-25 23:39:20');
INSERT INTO `acl_permission` VALUES ('1772945127167590402', '1768321267015917569', '简历列表', '1', null, 'resumeList', '/recruit/resume/resumeList', '', null, '0', '2024-03-27 19:13:53', '2024-03-27 19:14:56');
INSERT INTO `acl_permission` VALUES ('1773687517251698690', '1771933407011717121', '更新首页轮播器', '1', null, 'homebanner', '/banner/banner', '', null, '0', '2024-03-29 20:23:52', '2024-03-29 20:27:00');
INSERT INTO `acl_permission` VALUES ('1774338066645110786', '1', '应用中心管理', '1', null, '/application', 'Layout', null, null, '0', '2024-03-31 15:28:55', '2024-03-31 15:28:55');
INSERT INTO `acl_permission` VALUES ('1774338413077843970', '1774338066645110786', '学生列表', '1', null, 'studentlist', '/application/student/list', null, null, '0', '2024-03-31 15:30:18', '2024-03-31 15:32:06');
INSERT INTO `acl_permission` VALUES ('1774338802317643778', '1774338066645110786', '请假列表', '1', null, 'leavelist', '/application/leave/list', null, null, '0', '2024-03-31 15:31:51', '2024-03-31 15:43:16');
INSERT INTO `acl_permission` VALUES ('1774353849911726081', '1774338413077843970', '添加学生信息', '2', 'student.save', 'studentsave', '/application/student/save', null, null, '0', '2024-03-31 16:31:38', '2024-03-31 16:42:44');
INSERT INTO `acl_permission` VALUES ('1774356770380435457', '1774338413077843970', '编辑学生信息', '2', 'student.update', 'studentedit/:id', '/application/student/save', null, null, '0', '2024-03-31 16:43:15', '2024-03-31 16:43:45');
INSERT INTO `acl_permission` VALUES ('1774768342797991938', '1774338066645110786', '选课管理', '1', null, 'courselist', '/application/course/course', null, null, '0', '2024-04-01 19:58:41', '2024-04-01 19:58:41');
INSERT INTO `acl_permission` VALUES ('1774770327504896002', '1774768342797991938', '编辑学生选课', '2', 'select.update', 'selectcourse/:id', '/application/course/selectlist', null, null, '0', '2024-04-01 20:06:34', '2024-04-01 20:06:34');

-- ----------------------------
-- Table structure for acl_role
-- ----------------------------
DROP TABLE IF EXISTS `acl_role`;
CREATE TABLE `acl_role` (
  `id` char(19) CHARACTER SET utf8mb3 COLLATE utf8mb3_general_ci NOT NULL DEFAULT '' COMMENT '角色id',
  `role_name` varchar(20) CHARACTER SET utf8mb3 COLLATE utf8mb3_general_ci NOT NULL DEFAULT '' COMMENT '角色名称',
  `role_code` varchar(20) CHARACTER SET utf8mb3 COLLATE utf8mb3_general_ci DEFAULT NULL COMMENT '角色编码',
  `remark` varchar(255) CHARACTER SET utf8mb3 COLLATE utf8mb3_general_ci DEFAULT NULL COMMENT '备注',
  `is_deleted` tinyint unsigned NOT NULL DEFAULT '0' COMMENT '逻辑删除 1（true）已删除， 0（false）未删除',
  `gmt_create` datetime NOT NULL COMMENT '创建时间',
  `gmt_modified` datetime NOT NULL COMMENT '更新时间',
  PRIMARY KEY (`id`) USING BTREE
) ENGINE=InnoDB DEFAULT CHARSET=utf8mb3 ROW_FORMAT=DYNAMIC;

-- ----------------------------
-- Records of acl_role
-- ----------------------------
INSERT INTO `acl_role` VALUES ('1', '普通管理员', null, null, '0', '2019-11-06 13:09:32', '2019-11-18 10:27:18');
INSERT INTO `acl_role` VALUES ('1768552761367261185', '超级管理员', null, null, '0', '2024-03-15 16:20:11', '2024-03-18 22:05:16');
INSERT INTO `acl_role` VALUES ('1768557525991747585', '课程管理员', null, null, '0', '2024-03-15 16:39:07', '2024-03-15 16:39:07');
INSERT INTO `acl_role` VALUES ('1769726662688481282', '测试一下', null, null, '0', '2024-03-18 22:04:51', '2024-03-18 22:04:51');

-- ----------------------------
-- Table structure for acl_role_permission
-- ----------------------------
DROP TABLE IF EXISTS `acl_role_permission`;
CREATE TABLE `acl_role_permission` (
  `id` char(19) CHARACTER SET utf8mb3 COLLATE utf8mb3_general_ci NOT NULL DEFAULT '',
  `role_id` char(19) CHARACTER SET utf8mb3 COLLATE utf8mb3_general_ci NOT NULL DEFAULT '',
  `permission_id` char(19) CHARACTER SET utf8mb3 COLLATE utf8mb3_general_ci NOT NULL DEFAULT '',
  `is_deleted` tinyint unsigned NOT NULL DEFAULT '0' COMMENT '逻辑删除 1（true）已删除， 0（false）未删除',
  `gmt_create` datetime NOT NULL COMMENT '创建时间',
  `gmt_modified` datetime NOT NULL COMMENT '更新时间',
  PRIMARY KEY (`id`) USING BTREE,
  KEY `idx_role_id` (`role_id`) USING BTREE,
  KEY `idx_permission_id` (`permission_id`) USING BTREE
) ENGINE=InnoDB DEFAULT CHARSET=utf8mb3 ROW_FORMAT=DYNAMIC COMMENT='角色权限';

-- ----------------------------
-- Records of acl_role_permission
-- ----------------------------
INSERT INTO `acl_role_permission` VALUES ('1771941705945935874', '1769726662688481282', '1195268474480156673', '0', '2024-03-25 00:46:38', '2024-03-25 00:46:38');
INSERT INTO `acl_role_permission` VALUES ('1771941705945935875', '1769726662688481282', '1195268616021139457', '0', '2024-03-25 00:46:38', '2024-03-25 00:46:38');
INSERT INTO `acl_role_permission` VALUES ('1771941705945935876', '1769726662688481282', '1195269143060602882', '0', '2024-03-25 00:46:38', '2024-03-25 00:46:38');
INSERT INTO `acl_role_permission` VALUES ('1771941705945935877', '1769726662688481282', '1195269295926206466', '0', '2024-03-25 00:46:38', '2024-03-25 00:46:38');
INSERT INTO `acl_role_permission` VALUES ('1771941705945935878', '1769726662688481282', '1195269473479483394', '0', '2024-03-25 00:46:38', '2024-03-25 00:46:38');
INSERT INTO `acl_role_permission` VALUES ('1771941705945935879', '1769726662688481282', '1195269547269873666', '0', '2024-03-25 00:46:38', '2024-03-25 00:46:38');
INSERT INTO `acl_role_permission` VALUES ('1771941705945935880', '1769726662688481282', '1196301740985311234', '0', '2024-03-25 00:46:38', '2024-03-25 00:46:38');
INSERT INTO `acl_role_permission` VALUES ('1771941705945935881', '1769726662688481282', '1195268788138598401', '0', '2024-03-25 00:46:38', '2024-03-25 00:46:38');
INSERT INTO `acl_role_permission` VALUES ('1771941705945935882', '1769726662688481282', '1195269821262782465', '0', '2024-03-25 00:46:38', '2024-03-25 00:46:38');
INSERT INTO `acl_role_permission` VALUES ('1771941705945935883', '1769726662688481282', '1195269903542444034', '0', '2024-03-25 00:46:38', '2024-03-25 00:46:38');
INSERT INTO `acl_role_permission` VALUES ('1771941705945935884', '1769726662688481282', '1195270037005197313', '0', '2024-03-25 00:46:38', '2024-03-25 00:46:38');
INSERT INTO `acl_role_permission` VALUES ('1771941705945935885', '1769726662688481282', '1195270442602782721', '0', '2024-03-25 00:46:38', '2024-03-25 00:46:38');
INSERT INTO `acl_role_permission` VALUES ('1771941705945935886', '1769726662688481282', '1195270621548568578', '0', '2024-03-25 00:46:38', '2024-03-25 00:46:38');
INSERT INTO `acl_role_permission` VALUES ('1771941705945935887', '1769726662688481282', '1195268893830864898', '0', '2024-03-25 00:46:38', '2024-03-25 00:46:38');
INSERT INTO `acl_role_permission` VALUES ('1771941705945935888', '1769726662688481282', '1195270744097742849', '0', '2024-03-25 00:46:38', '2024-03-25 00:46:38');
INSERT INTO `acl_role_permission` VALUES ('1771941705945935889', '1769726662688481282', '1195270810560684034', '0', '2024-03-25 00:46:38', '2024-03-25 00:46:38');
INSERT INTO `acl_role_permission` VALUES ('1771941705945935890', '1769726662688481282', '1195270862100291586', '0', '2024-03-25 00:46:38', '2024-03-25 00:46:38');
INSERT INTO `acl_role_permission` VALUES ('1771941705945935891', '1769726662688481282', '1195270887933009922', '0', '2024-03-25 00:46:38', '2024-03-25 00:46:38');
INSERT INTO `acl_role_permission` VALUES ('1771941705945935892', '1769726662688481282', '1768587504309841922', '0', '2024-03-25 00:46:38', '2024-03-25 00:46:38');
INSERT INTO `acl_role_permission` VALUES ('1771941705945935893', '1769726662688481282', '1768588016618909698', '0', '2024-03-25 00:46:38', '2024-03-25 00:46:38');
INSERT INTO `acl_role_permission` VALUES ('1771941705945935894', '1769726662688481282', '1771852991735054338', '0', '2024-03-25 00:46:38', '2024-03-25 00:46:38');
INSERT INTO `acl_role_permission` VALUES ('1771941705945935895', '1769726662688481282', '1771566650992488449', '0', '2024-03-25 00:46:38', '2024-03-25 00:46:38');
INSERT INTO `acl_role_permission` VALUES ('1771941705945935896', '1769726662688481282', '1771568416664449026', '0', '2024-03-25 00:46:38', '2024-03-25 00:46:38');
INSERT INTO `acl_role_permission` VALUES ('1771941705945935897', '1769726662688481282', '1', '0', '2024-03-25 00:46:38', '2024-03-25 00:46:38');
INSERT INTO `acl_role_permission` VALUES ('1774768419495034881', '1', '1195349439240048642', '0', '2024-04-01 19:58:59', '2024-04-01 19:58:59');
INSERT INTO `acl_role_permission` VALUES ('1774768419495034882', '1', '1195349699995734017', '0', '2024-04-01 19:58:59', '2024-04-01 19:58:59');
INSERT INTO `acl_role_permission` VALUES ('1774768419495034883', '1', '1195349810561781761', '0', '2024-04-01 19:58:59', '2024-04-01 19:58:59');
INSERT INTO `acl_role_permission` VALUES ('1774768419495034884', '1', '1195349876252971010', '0', '2024-04-01 19:58:59', '2024-04-01 19:58:59');
INSERT INTO `acl_role_permission` VALUES ('1774768419495034885', '1', '1195350117270261762', '0', '2024-04-01 19:58:59', '2024-04-01 19:58:59');
INSERT INTO `acl_role_permission` VALUES ('1774768419495034886', '1', '1195350188359520258', '0', '2024-04-01 19:58:59', '2024-04-01 19:58:59');
INSERT INTO `acl_role_permission` VALUES ('1774768419495034887', '1', '1195350831744782337', '0', '2024-04-01 19:58:59', '2024-04-01 19:58:59');
INSERT INTO `acl_role_permission` VALUES ('1774768419495034888', '1', '1195350397751758850', '0', '2024-04-01 19:58:59', '2024-04-01 19:58:59');
INSERT INTO `acl_role_permission` VALUES ('1774768419495034889', '1', '1770348474279473153', '0', '2024-04-01 19:58:59', '2024-04-01 19:58:59');
INSERT INTO `acl_role_permission` VALUES ('1774768419495034890', '1', '1195350919074385921', '0', '2024-04-01 19:58:59', '2024-04-01 19:58:59');
INSERT INTO `acl_role_permission` VALUES ('1774768419495034891', '1', '1195351020463296513', '0', '2024-04-01 19:58:59', '2024-04-01 19:58:59');
INSERT INTO `acl_role_permission` VALUES ('1774768419495034892', '1', '1195351159672246274', '0', '2024-04-01 19:58:59', '2024-04-01 19:58:59');
INSERT INTO `acl_role_permission` VALUES ('1774768419495034893', '1', '1195351326706208770', '0', '2024-04-01 19:58:59', '2024-04-01 19:58:59');
INSERT INTO `acl_role_permission` VALUES ('1774768419495034894', '1', '1195351566221938690', '0', '2024-04-01 19:58:59', '2024-04-01 19:58:59');
INSERT INTO `acl_role_permission` VALUES ('1774768419495034895', '1', '1768321267015917569', '0', '2024-04-01 19:58:59', '2024-04-01 19:58:59');
INSERT INTO `acl_role_permission` VALUES ('1774768419495034896', '1', '1768321641810534401', '0', '2024-04-01 19:58:59', '2024-04-01 19:58:59');
INSERT INTO `acl_role_permission` VALUES ('1774768419495034897', '1', '1771865967141634049', '0', '2024-04-01 19:58:59', '2024-04-01 19:58:59');
INSERT INTO `acl_role_permission` VALUES ('1774768419495034898', '1', '1771866524552052738', '0', '2024-04-01 19:58:59', '2024-04-01 19:58:59');
INSERT INTO `acl_role_permission` VALUES ('1774768419495034899', '1', '1770094903394902017', '0', '2024-04-01 19:58:59', '2024-04-01 19:58:59');
INSERT INTO `acl_role_permission` VALUES ('1774768419495034900', '1', '1770093867481505794', '0', '2024-04-01 19:58:59', '2024-04-01 19:58:59');
INSERT INTO `acl_role_permission` VALUES ('1774768419495034901', '1', '1770315497885478914', '0', '2024-04-01 19:58:59', '2024-04-01 19:58:59');
INSERT INTO `acl_role_permission` VALUES ('1774768419495034902', '1', '1771855819325095938', '0', '2024-04-01 19:58:59', '2024-04-01 19:58:59');
INSERT INTO `acl_role_permission` VALUES ('1774768419495034903', '1', '1771855875180642306', '0', '2024-04-01 19:58:59', '2024-04-01 19:58:59');
INSERT INTO `acl_role_permission` VALUES ('1774768419495034904', '1', '1771856006890176514', '0', '2024-04-01 19:58:59', '2024-04-01 19:58:59');
INSERT INTO `acl_role_permission` VALUES ('1774768419495034905', '1', '1772945127167590402', '0', '2024-04-01 19:58:59', '2024-04-01 19:58:59');
INSERT INTO `acl_role_permission` VALUES ('1774768419495034906', '1', '1768587504309841922', '0', '2024-04-01 19:58:59', '2024-04-01 19:58:59');
INSERT INTO `acl_role_permission` VALUES ('1774768419495034907', '1', '1768588016618909698', '0', '2024-04-01 19:58:59', '2024-04-01 19:58:59');
INSERT INTO `acl_role_permission` VALUES ('1774768419495034908', '1', '1771852991735054338', '0', '2024-04-01 19:58:59', '2024-04-01 19:58:59');
INSERT INTO `acl_role_permission` VALUES ('1774768419495034909', '1', '1772287154191716353', '0', '2024-04-01 19:58:59', '2024-04-01 19:58:59');
INSERT INTO `acl_role_permission` VALUES ('1774768419495034910', '1', '1771568416664449026', '0', '2024-04-01 19:58:59', '2024-04-01 19:58:59');
INSERT INTO `acl_role_permission` VALUES ('1774768419495034911', '1', '1771933407011717121', '0', '2024-04-01 19:58:59', '2024-04-01 19:58:59');
INSERT INTO `acl_role_permission` VALUES ('1774768419817996289', '1', '1773687517251698690', '0', '2024-04-01 19:59:00', '2024-04-01 19:59:00');
INSERT INTO `acl_role_permission` VALUES ('1774768419817996290', '1', '1774338066645110786', '0', '2024-04-01 19:59:00', '2024-04-01 19:59:00');
INSERT INTO `acl_role_permission` VALUES ('1774768419817996291', '1', '1774338413077843970', '0', '2024-04-01 19:59:00', '2024-04-01 19:59:00');
INSERT INTO `acl_role_permission` VALUES ('1774768419817996292', '1', '1774353849911726081', '0', '2024-04-01 19:59:00', '2024-04-01 19:59:00');
INSERT INTO `acl_role_permission` VALUES ('1774768419817996293', '1', '1774356770380435457', '0', '2024-04-01 19:59:00', '2024-04-01 19:59:00');
INSERT INTO `acl_role_permission` VALUES ('1774768419817996294', '1', '1774338802317643778', '0', '2024-04-01 19:59:00', '2024-04-01 19:59:00');
INSERT INTO `acl_role_permission` VALUES ('1774768419817996295', '1', '1774768342797991938', '0', '2024-04-01 19:59:00', '2024-04-01 19:59:00');
INSERT INTO `acl_role_permission` VALUES ('1774768419817996296', '1', '1', '0', '2024-04-01 19:59:00', '2024-04-01 19:59:00');
INSERT INTO `acl_role_permission` VALUES ('1774773264817930242', '1768552761367261185', '1', '0', '2024-04-01 20:18:15', '2024-04-01 20:18:15');
INSERT INTO `acl_role_permission` VALUES ('1774773264885039105', '1768552761367261185', '1195268474480156673', '0', '2024-04-01 20:18:15', '2024-04-01 20:18:15');
INSERT INTO `acl_role_permission` VALUES ('1774773264885039106', '1768552761367261185', '1195268616021139457', '0', '2024-04-01 20:18:15', '2024-04-01 20:18:15');
INSERT INTO `acl_role_permission` VALUES ('1774773264885039107', '1768552761367261185', '1195269143060602882', '0', '2024-04-01 20:18:15', '2024-04-01 20:18:15');
INSERT INTO `acl_role_permission` VALUES ('1774773264885039108', '1768552761367261185', '1195269295926206466', '0', '2024-04-01 20:18:15', '2024-04-01 20:18:15');
INSERT INTO `acl_role_permission` VALUES ('1774773264885039109', '1768552761367261185', '1195269473479483394', '0', '2024-04-01 20:18:15', '2024-04-01 20:18:15');
INSERT INTO `acl_role_permission` VALUES ('1774773264885039110', '1768552761367261185', '1195269547269873666', '0', '2024-04-01 20:18:15', '2024-04-01 20:18:15');
INSERT INTO `acl_role_permission` VALUES ('1774773264885039111', '1768552761367261185', '1196301740985311234', '0', '2024-04-01 20:18:15', '2024-04-01 20:18:15');
INSERT INTO `acl_role_permission` VALUES ('1774773264885039112', '1768552761367261185', '1195268788138598401', '0', '2024-04-01 20:18:15', '2024-04-01 20:18:15');
INSERT INTO `acl_role_permission` VALUES ('1774773264885039113', '1768552761367261185', '1195269821262782465', '0', '2024-04-01 20:18:15', '2024-04-01 20:18:15');
INSERT INTO `acl_role_permission` VALUES ('1774773264885039114', '1768552761367261185', '1195269903542444034', '0', '2024-04-01 20:18:15', '2024-04-01 20:18:15');
INSERT INTO `acl_role_permission` VALUES ('1774773264885039115', '1768552761367261185', '1195270037005197313', '0', '2024-04-01 20:18:15', '2024-04-01 20:18:15');
INSERT INTO `acl_role_permission` VALUES ('1774773264885039116', '1768552761367261185', '1195270442602782721', '0', '2024-04-01 20:18:15', '2024-04-01 20:18:15');
INSERT INTO `acl_role_permission` VALUES ('1774773264885039117', '1768552761367261185', '1195270621548568578', '0', '2024-04-01 20:18:15', '2024-04-01 20:18:15');
INSERT INTO `acl_role_permission` VALUES ('1774773264885039118', '1768552761367261185', '1195268893830864898', '0', '2024-04-01 20:18:15', '2024-04-01 20:18:15');
INSERT INTO `acl_role_permission` VALUES ('1774773264885039119', '1768552761367261185', '1195270744097742849', '0', '2024-04-01 20:18:15', '2024-04-01 20:18:15');
INSERT INTO `acl_role_permission` VALUES ('1774773264885039120', '1768552761367261185', '1195270810560684034', '0', '2024-04-01 20:18:15', '2024-04-01 20:18:15');
INSERT INTO `acl_role_permission` VALUES ('1774773264885039121', '1768552761367261185', '1195270862100291586', '0', '2024-04-01 20:18:15', '2024-04-01 20:18:15');
INSERT INTO `acl_role_permission` VALUES ('1774773264885039122', '1768552761367261185', '1195270887933009922', '0', '2024-04-01 20:18:15', '2024-04-01 20:18:15');
INSERT INTO `acl_role_permission` VALUES ('1774773264885039123', '1768552761367261185', '1195349439240048642', '0', '2024-04-01 20:18:15', '2024-04-01 20:18:15');
INSERT INTO `acl_role_permission` VALUES ('1774773264885039124', '1768552761367261185', '1195349699995734017', '0', '2024-04-01 20:18:15', '2024-04-01 20:18:15');
INSERT INTO `acl_role_permission` VALUES ('1774773264885039125', '1768552761367261185', '1195349810561781761', '0', '2024-04-01 20:18:15', '2024-04-01 20:18:15');
INSERT INTO `acl_role_permission` VALUES ('1774773264885039126', '1768552761367261185', '1195349876252971010', '0', '2024-04-01 20:18:15', '2024-04-01 20:18:15');
INSERT INTO `acl_role_permission` VALUES ('1774773264885039127', '1768552761367261185', '1195350117270261762', '0', '2024-04-01 20:18:15', '2024-04-01 20:18:15');
INSERT INTO `acl_role_permission` VALUES ('1774773264885039128', '1768552761367261185', '1195350188359520258', '0', '2024-04-01 20:18:15', '2024-04-01 20:18:15');
INSERT INTO `acl_role_permission` VALUES ('1774773264885039129', '1768552761367261185', '1195350831744782337', '0', '2024-04-01 20:18:15', '2024-04-01 20:18:15');
INSERT INTO `acl_role_permission` VALUES ('1774773264885039130', '1768552761367261185', '1195350397751758850', '0', '2024-04-01 20:18:15', '2024-04-01 20:18:15');
INSERT INTO `acl_role_permission` VALUES ('1774773264885039131', '1768552761367261185', '1770348474279473153', '0', '2024-04-01 20:18:15', '2024-04-01 20:18:15');
INSERT INTO `acl_role_permission` VALUES ('1774773264885039132', '1768552761367261185', '1195350919074385921', '0', '2024-04-01 20:18:15', '2024-04-01 20:18:15');
INSERT INTO `acl_role_permission` VALUES ('1774773264885039133', '1768552761367261185', '1195351020463296513', '0', '2024-04-01 20:18:15', '2024-04-01 20:18:15');
INSERT INTO `acl_role_permission` VALUES ('1774773264885039134', '1768552761367261185', '1195351159672246274', '0', '2024-04-01 20:18:15', '2024-04-01 20:18:15');
INSERT INTO `acl_role_permission` VALUES ('1774773265212194817', '1768552761367261185', '1195351326706208770', '0', '2024-04-01 20:18:15', '2024-04-01 20:18:15');
INSERT INTO `acl_role_permission` VALUES ('1774773265212194818', '1768552761367261185', '1195351566221938690', '0', '2024-04-01 20:18:15', '2024-04-01 20:18:15');
INSERT INTO `acl_role_permission` VALUES ('1774773265212194819', '1768552761367261185', '1768321267015917569', '0', '2024-04-01 20:18:15', '2024-04-01 20:18:15');
INSERT INTO `acl_role_permission` VALUES ('1774773265212194820', '1768552761367261185', '1768321641810534401', '0', '2024-04-01 20:18:15', '2024-04-01 20:18:15');
INSERT INTO `acl_role_permission` VALUES ('1774773265212194821', '1768552761367261185', '1771865967141634049', '0', '2024-04-01 20:18:15', '2024-04-01 20:18:15');
INSERT INTO `acl_role_permission` VALUES ('1774773265212194822', '1768552761367261185', '1771866524552052738', '0', '2024-04-01 20:18:15', '2024-04-01 20:18:15');
INSERT INTO `acl_role_permission` VALUES ('1774773265212194823', '1768552761367261185', '1770094903394902017', '0', '2024-04-01 20:18:15', '2024-04-01 20:18:15');
INSERT INTO `acl_role_permission` VALUES ('1774773265212194824', '1768552761367261185', '1770093867481505794', '0', '2024-04-01 20:18:15', '2024-04-01 20:18:15');
INSERT INTO `acl_role_permission` VALUES ('1774773265212194825', '1768552761367261185', '1770315497885478914', '0', '2024-04-01 20:18:15', '2024-04-01 20:18:15');
INSERT INTO `acl_role_permission` VALUES ('1774773265212194826', '1768552761367261185', '1771855819325095938', '0', '2024-04-01 20:18:15', '2024-04-01 20:18:15');
INSERT INTO `acl_role_permission` VALUES ('1774773265212194827', '1768552761367261185', '1771855875180642306', '0', '2024-04-01 20:18:15', '2024-04-01 20:18:15');
INSERT INTO `acl_role_permission` VALUES ('1774773265212194828', '1768552761367261185', '1771856006890176514', '0', '2024-04-01 20:18:15', '2024-04-01 20:18:15');
INSERT INTO `acl_role_permission` VALUES ('1774773265212194829', '1768552761367261185', '1772945127167590402', '0', '2024-04-01 20:18:15', '2024-04-01 20:18:15');
INSERT INTO `acl_role_permission` VALUES ('1774773265212194830', '1768552761367261185', '1768587504309841922', '0', '2024-04-01 20:18:15', '2024-04-01 20:18:15');
INSERT INTO `acl_role_permission` VALUES ('1774773265212194831', '1768552761367261185', '1768588016618909698', '0', '2024-04-01 20:18:15', '2024-04-01 20:18:15');
INSERT INTO `acl_role_permission` VALUES ('1774773265212194832', '1768552761367261185', '1771852991735054338', '0', '2024-04-01 20:18:15', '2024-04-01 20:18:15');
INSERT INTO `acl_role_permission` VALUES ('1774773265212194833', '1768552761367261185', '1772287154191716353', '0', '2024-04-01 20:18:15', '2024-04-01 20:18:15');
INSERT INTO `acl_role_permission` VALUES ('1774773265212194834', '1768552761367261185', '1771568416664449026', '0', '2024-04-01 20:18:15', '2024-04-01 20:18:15');
INSERT INTO `acl_role_permission` VALUES ('1774773265212194835', '1768552761367261185', '1771933407011717121', '0', '2024-04-01 20:18:15', '2024-04-01 20:18:15');
INSERT INTO `acl_role_permission` VALUES ('1774773265212194836', '1768552761367261185', '1773687517251698690', '0', '2024-04-01 20:18:15', '2024-04-01 20:18:15');
INSERT INTO `acl_role_permission` VALUES ('1774773265212194837', '1768552761367261185', '1774338066645110786', '0', '2024-04-01 20:18:15', '2024-04-01 20:18:15');
INSERT INTO `acl_role_permission` VALUES ('1774773265212194838', '1768552761367261185', '1774338413077843970', '0', '2024-04-01 20:18:15', '2024-04-01 20:18:15');
INSERT INTO `acl_role_permission` VALUES ('1774773265212194839', '1768552761367261185', '1774353849911726081', '0', '2024-04-01 20:18:15', '2024-04-01 20:18:15');
INSERT INTO `acl_role_permission` VALUES ('1774773265212194840', '1768552761367261185', '1774356770380435457', '0', '2024-04-01 20:18:15', '2024-04-01 20:18:15');
INSERT INTO `acl_role_permission` VALUES ('1774773265212194841', '1768552761367261185', '1774338802317643778', '0', '2024-04-01 20:18:15', '2024-04-01 20:18:15');
INSERT INTO `acl_role_permission` VALUES ('1774773265212194842', '1768552761367261185', '1774768342797991938', '0', '2024-04-01 20:18:15', '2024-04-01 20:18:15');
INSERT INTO `acl_role_permission` VALUES ('1774773265212194843', '1768552761367261185', '1774770327504896002', '0', '2024-04-01 20:18:15', '2024-04-01 20:18:15');
INSERT INTO `acl_role_permission` VALUES ('1775216445632528385', '1768557525991747585', '1195349439240048642', '0', '2024-04-03 01:39:17', '2024-04-03 01:39:17');
INSERT INTO `acl_role_permission` VALUES ('1775216445645111298', '1768557525991747585', '1195349699995734017', '0', '2024-04-03 01:39:17', '2024-04-03 01:39:17');
INSERT INTO `acl_role_permission` VALUES ('1775216445653499905', '1768557525991747585', '1195349810561781761', '0', '2024-04-03 01:39:17', '2024-04-03 01:39:17');
INSERT INTO `acl_role_permission` VALUES ('1775216445653499906', '1768557525991747585', '1195349876252971010', '0', '2024-04-03 01:39:17', '2024-04-03 01:39:17');
INSERT INTO `acl_role_permission` VALUES ('1775216445653499907', '1768557525991747585', '1195350117270261762', '0', '2024-04-03 01:39:17', '2024-04-03 01:39:17');
INSERT INTO `acl_role_permission` VALUES ('1775216445653499908', '1768557525991747585', '1195350188359520258', '0', '2024-04-03 01:39:17', '2024-04-03 01:39:17');
INSERT INTO `acl_role_permission` VALUES ('1775216445653499909', '1768557525991747585', '1195350831744782337', '0', '2024-04-03 01:39:17', '2024-04-03 01:39:17');
INSERT INTO `acl_role_permission` VALUES ('1775216445653499910', '1768557525991747585', '1195350397751758850', '0', '2024-04-03 01:39:17', '2024-04-03 01:39:17');
INSERT INTO `acl_role_permission` VALUES ('1775216445653499911', '1768557525991747585', '1770348474279473153', '0', '2024-04-03 01:39:17', '2024-04-03 01:39:17');
INSERT INTO `acl_role_permission` VALUES ('1775216445653499912', '1768557525991747585', '1195350919074385921', '0', '2024-04-03 01:39:17', '2024-04-03 01:39:17');
INSERT INTO `acl_role_permission` VALUES ('1775216445653499913', '1768557525991747585', '1195351020463296513', '0', '2024-04-03 01:39:17', '2024-04-03 01:39:17');
INSERT INTO `acl_role_permission` VALUES ('1775216445653499914', '1768557525991747585', '1195351159672246274', '0', '2024-04-03 01:39:17', '2024-04-03 01:39:17');
INSERT INTO `acl_role_permission` VALUES ('1775216445653499915', '1768557525991747585', '1195351326706208770', '0', '2024-04-03 01:39:17', '2024-04-03 01:39:17');
INSERT INTO `acl_role_permission` VALUES ('1775216445653499916', '1768557525991747585', '1195351566221938690', '0', '2024-04-03 01:39:17', '2024-04-03 01:39:17');
INSERT INTO `acl_role_permission` VALUES ('1775216445653499917', '1768557525991747585', '1774338066645110786', '0', '2024-04-03 01:39:17', '2024-04-03 01:39:17');
INSERT INTO `acl_role_permission` VALUES ('1775216445653499918', '1768557525991747585', '1774338413077843970', '0', '2024-04-03 01:39:17', '2024-04-03 01:39:17');
INSERT INTO `acl_role_permission` VALUES ('1775216445653499919', '1768557525991747585', '1774353849911726081', '0', '2024-04-03 01:39:17', '2024-04-03 01:39:17');
INSERT INTO `acl_role_permission` VALUES ('1775216445653499920', '1768557525991747585', '1774356770380435457', '0', '2024-04-03 01:39:17', '2024-04-03 01:39:17');
INSERT INTO `acl_role_permission` VALUES ('1775216445653499921', '1768557525991747585', '1774338802317643778', '0', '2024-04-03 01:39:17', '2024-04-03 01:39:17');
INSERT INTO `acl_role_permission` VALUES ('1775216445653499922', '1768557525991747585', '1774768342797991938', '0', '2024-04-03 01:39:17', '2024-04-03 01:39:17');
INSERT INTO `acl_role_permission` VALUES ('1775216445653499923', '1768557525991747585', '1774770327504896002', '0', '2024-04-03 01:39:17', '2024-04-03 01:39:17');
INSERT INTO `acl_role_permission` VALUES ('1775216445653499924', '1768557525991747585', '1', '0', '2024-04-03 01:39:17', '2024-04-03 01:39:17');

-- ----------------------------
-- Table structure for acl_user
-- ----------------------------
DROP TABLE IF EXISTS `acl_user`;
CREATE TABLE `acl_user` (
  `id` char(19) CHARACTER SET utf8mb4 COLLATE utf8mb4_0900_ai_ci NOT NULL COMMENT '会员id',
  `username` varchar(20) CHARACTER SET utf8mb4 COLLATE utf8mb4_0900_ai_ci NOT NULL DEFAULT '' COMMENT '微信openid',
  `password` varchar(32) CHARACTER SET utf8mb4 COLLATE utf8mb4_0900_ai_ci NOT NULL DEFAULT '' COMMENT '密码',
  `nick_name` varchar(50) CHARACTER SET utf8mb4 COLLATE utf8mb4_0900_ai_ci DEFAULT NULL COMMENT '昵称',
  `salt` varchar(255) CHARACTER SET utf8mb4 COLLATE utf8mb4_0900_ai_ci DEFAULT NULL COMMENT '用户头像',
  `is_deleted` tinyint unsigned NOT NULL DEFAULT '0' COMMENT '逻辑删除 1（true）已删除， 0（false）未删除',
  `gmt_create` datetime NOT NULL COMMENT '创建时间',
  `gmt_modified` datetime NOT NULL COMMENT '更新时间',
  PRIMARY KEY (`id`) USING BTREE,
  UNIQUE KEY `uk_username` (`username`) USING BTREE
) ENGINE=InnoDB DEFAULT CHARSET=utf8mb4 COLLATE=utf8mb4_0900_ai_ci ROW_FORMAT=DYNAMIC COMMENT='用户表';

-- ----------------------------
-- Records of acl_user
-- ----------------------------
INSERT INTO `acl_user` VALUES ('1768271478995927042', '111', '96e79218965eb72c92a549dd5a330112', '一拳超人', null, '0', '2024-03-14 21:42:28', '2024-03-15 18:19:31');
INSERT INTO `acl_user` VALUES ('1768507653477433346', 'xiaobai', '96e79218965eb72c92a549dd5a330112', '小白', null, '0', '2024-03-15 13:20:57', '2024-03-15 13:20:57');
INSERT INTO `acl_user` VALUES ('1768554026474205186', 'superadmin', '96e79218965eb72c92a549dd5a330112', '超级管理员', null, '0', '2024-03-15 16:25:13', '2024-03-18 19:52:54');
INSERT INTO `acl_user` VALUES ('1768554467677237249', 'admin', '96e79218965eb72c92a549dd5a330112', '管理员', null, '0', '2024-03-15 16:26:58', '2024-03-18 19:52:09');
INSERT INTO `acl_user` VALUES ('1768568649415987202', '123', '96e79218965eb72c92a549dd5a330112', '韩老师', null, '0', '2024-03-15 17:23:19', '2024-03-15 17:23:19');

-- ----------------------------
-- Table structure for acl_user_role
-- ----------------------------
DROP TABLE IF EXISTS `acl_user_role`;
CREATE TABLE `acl_user_role` (
  `id` char(19) CHARACTER SET utf8mb3 COLLATE utf8mb3_general_ci NOT NULL DEFAULT '' COMMENT '主键id',
  `role_id` char(19) CHARACTER SET utf8mb3 COLLATE utf8mb3_general_ci NOT NULL DEFAULT '0' COMMENT '角色id',
  `user_id` char(19) CHARACTER SET utf8mb3 COLLATE utf8mb3_general_ci NOT NULL DEFAULT '0' COMMENT '用户id',
  `is_deleted` tinyint unsigned NOT NULL DEFAULT '0' COMMENT '逻辑删除 1（true）已删除， 0（false）未删除',
  `gmt_create` datetime NOT NULL COMMENT '创建时间',
  `gmt_modified` datetime NOT NULL COMMENT '更新时间',
  PRIMARY KEY (`id`) USING BTREE,
  KEY `idx_role_id` (`role_id`) USING BTREE,
  KEY `idx_user_id` (`user_id`) USING BTREE
) ENGINE=InnoDB DEFAULT CHARSET=utf8mb3 ROW_FORMAT=DYNAMIC;

-- ----------------------------
-- Records of acl_user_role
-- ----------------------------
INSERT INTO `acl_user_role` VALUES ('1768552844422868993', '1768552761367261185', '1768507653477433346', '0', '2024-03-15 16:20:31', '2024-03-15 16:20:31');
INSERT INTO `acl_user_role` VALUES ('1768568694928379906', '1768557525991747585', '1768568649415987202', '0', '2024-03-15 17:23:30', '2024-03-15 17:23:30');
INSERT INTO `acl_user_role` VALUES ('1769690554403442690', '1769633827645640706', '1769632882689921025', '0', '2024-03-18 19:41:22', '2024-03-18 19:41:22');
INSERT INTO `acl_user_role` VALUES ('1771568807938486273', '1', '1768554467677237249', '0', '2024-03-24 00:04:53', '2024-03-24 00:04:53');
INSERT INTO `acl_user_role` VALUES ('1771862502931742721', '1768552761367261185', '1768554026474205186', '0', '2024-03-24 19:31:55', '2024-03-24 19:31:55');
INSERT INTO `acl_user_role` VALUES ('1771929109242626050', '1769726662688481282', '1768271478995927042', '0', '2024-03-24 23:56:35', '2024-03-24 23:56:35');

-- ----------------------------
-- Table structure for application_leave
-- ----------------------------
DROP TABLE IF EXISTS `application_leave`;
CREATE TABLE `application_leave` (
  `id` int NOT NULL AUTO_INCREMENT,
  `student_id` varchar(20) NOT NULL,
  `student_name` varchar(255) CHARACTER SET utf8mb4 COLLATE utf8mb4_0900_ai_ci NOT NULL,
  `approver_id` varchar(20) NOT NULL,
  `start_date` datetime NOT NULL,
  `end_date` datetime NOT NULL,
  `leave_type` varchar(50) CHARACTER SET utf8mb4 COLLATE utf8mb4_0900_ai_ci DEFAULT NULL,
  `reason` text,
  `status` varchar(20) NOT NULL,
  `comment` text CHARACTER SET utf8mb4 COLLATE utf8mb4_0900_ai_ci NOT NULL,
  `gmt_create` datetime DEFAULT CURRENT_TIMESTAMP,
  `gmt_modified` datetime DEFAULT CURRENT_TIMESTAMP,
  PRIMARY KEY (`id`)
) ENGINE=InnoDB AUTO_INCREMENT=22 DEFAULT CHARSET=utf8mb4 COLLATE=utf8mb4_0900_ai_ci;

-- ----------------------------
-- Records of application_leave
-- ----------------------------
INSERT INTO `application_leave` VALUES ('1', '20200310151', '王小小', '1768568649415987202', '2024-04-02 00:00:00', '2024-04-09 00:03:00', '病假', '真的有事', '0', '信息不全', '2024-04-02 16:09:57', '2024-04-02 19:32:00');
INSERT INTO `application_leave` VALUES ('2', '20200310151', '王小小', '1768568649415987202', '2024-04-02 00:00:00', '2024-04-10 00:00:00', '事假', '家里有事啊啊啊啊啊啊啊啊啊啊啊啊', '0', '', '2024-04-02 16:09:57', '2024-04-03 15:26:32');
INSERT INTO `application_leave` VALUES ('3', '20200310151', '王小小', '1768507653477433346', '2024-04-02 00:00:00', '2024-04-10 00:00:00', '事假', '家里有事啊啊啊啊啊啊啊啊啊啊啊啊啊', '1', '注意身体', '2024-04-02 16:09:57', '2024-04-03 12:38:22');
INSERT INTO `application_leave` VALUES ('15', '20200310151', '王小小', '1768568649415987202', '2024-04-02 00:00:00', '2024-04-10 00:00:00', '事假', '家里有事啊啊啊啊啊啊啊啊啊啊啊啊啊', '1', '注意安全', '2024-04-02 16:09:57', '2024-04-02 17:48:00');
INSERT INTO `application_leave` VALUES ('16', '20200310151', '王小小', '1768568649415987202', '2024-04-02 00:00:00', '2024-04-03 00:00:00', '病假', '老师我发烧了', '0', '', '2024-04-02 20:50:46', '2024-04-02 20:50:46');
INSERT INTO `application_leave` VALUES ('17', '20200310999', '李小小', '1768568649415987202', '2024-04-08 00:00:00', '2024-04-10 00:00:00', '病假', '我也发烧了老师', '0', '', '2024-04-02 21:05:26', '2024-04-02 21:05:26');
INSERT INTO `application_leave` VALUES ('19', '20200310999', '李小小', '1768568649415987202', '2024-04-02 21:08:00', '2024-04-03 00:00:00', '病假', '1', '0', '', '2024-04-02 21:08:05', '2024-04-02 21:08:05');
INSERT INTO `application_leave` VALUES ('20', '20200310151', '王小小', '1768568649415987202', '2024-04-03 00:00:00', '2024-04-03 00:00:00', '病假', '啊', '0', '', '2024-04-03 15:29:31', '2024-04-03 15:29:31');
INSERT INTO `application_leave` VALUES ('21', '20200310151', '王小小', '1768507653477433346', '2024-04-03 00:00:00', '2024-04-11 00:00:00', '事假', '测试', '0', '', '2024-04-03 15:30:29', '2024-04-03 15:30:29');

-- ----------------------------
-- Table structure for application_selection
-- ----------------------------
DROP TABLE IF EXISTS `application_selection`;
CREATE TABLE `application_selection` (
  `id` int NOT NULL AUTO_INCREMENT,
  `student_id` varchar(20) NOT NULL,
  `course_id` varchar(255) NOT NULL,
  `course_name` varchar(255) DEFAULT NULL,
  `gmt_create` datetime NOT NULL,
  `gmt_modified` datetime NOT NULL,
  PRIMARY KEY (`id`,`student_id`)
) ENGINE=InnoDB AUTO_INCREMENT=33 DEFAULT CHARSET=utf8mb4 COLLATE=utf8mb4_0900_ai_ci;

-- ----------------------------
-- Records of application_selection
-- ----------------------------
INSERT INTO `application_selection` VALUES ('1', '20200310118', '18', 'java基础课程：test', '2024-04-01 20:21:10', '2024-04-01 20:21:13');
INSERT INTO `application_selection` VALUES ('2', '20200310118', '14', 'XHTML CSS2 JS整站制作教程课程学习', '2024-04-01 20:56:16', '2024-04-01 20:56:16');
INSERT INTO `application_selection` VALUES ('3', '20200310118', '15', 'HTML5入门课程学习', '2024-04-01 20:56:16', '2024-04-01 20:56:16');
INSERT INTO `application_selection` VALUES ('4', '20200310118', '1765019119223398401', 'PYTHON零基础入门学习', '2024-04-01 20:56:16', '2024-04-01 20:56:16');
INSERT INTO `application_selection` VALUES ('8', '20200310118', '18', 'Java精品课程', '2024-04-01 22:27:02', '2024-04-01 22:27:02');
INSERT INTO `application_selection` VALUES ('9', '20200310118', '1765734749115297794', '国家教师资格', '2024-04-01 22:27:06', '2024-04-01 22:27:06');
INSERT INTO `application_selection` VALUES ('22', '20200310151', '1192252213659774977', 'java基础课程：test', '2024-04-01 22:51:28', '2024-04-01 22:51:28');
INSERT INTO `application_selection` VALUES ('23', '20200310111', '1765019119223398401', 'PYTHON零基础入门学习', '2024-04-01 22:51:35', '2024-04-01 22:51:35');
INSERT INTO `application_selection` VALUES ('24', '20200310151', '1766361116801343490', 'MYSQL从入门到入土', '2024-04-01 23:06:13', '2024-04-01 23:06:13');
INSERT INTO `application_selection` VALUES ('25', '20200310151', '1765734749115297794', '国家教师资格', '2024-04-02 15:50:55', '2024-04-02 15:50:55');
INSERT INTO `application_selection` VALUES ('32', '20200310151', '18', 'Java精品课程', '2024-04-03 14:21:45', '2024-04-03 14:21:45');

-- ----------------------------
-- Table structure for application_student
-- ----------------------------
DROP TABLE IF EXISTS `application_student`;
CREATE TABLE `application_student` (
  `id` int NOT NULL AUTO_INCREMENT,
  `school_name` varchar(100) CHARACTER SET utf8mb4 COLLATE utf8mb4_0900_ai_ci DEFAULT NULL,
  `student_id` varchar(20) CHARACTER SET utf8mb4 COLLATE utf8mb4_0900_ai_ci NOT NULL,
  `student_name` varchar(50) CHARACTER SET utf8mb4 COLLATE utf8mb4_0900_ai_ci DEFAULT NULL,
  `major` varchar(50) CHARACTER SET utf8mb4 COLLATE utf8mb4_0900_ai_ci DEFAULT NULL,
  `user_id` char(19) CHARACTER SET utf8mb4 COLLATE utf8mb4_0900_ai_ci DEFAULT NULL,
  `gmt_create` datetime DEFAULT CURRENT_TIMESTAMP,
  `gmt_modified` datetime DEFAULT CURRENT_TIMESTAMP,
  PRIMARY KEY (`id`,`student_id`),
  UNIQUE KEY `unique_student_id` (`student_id`)
) ENGINE=InnoDB AUTO_INCREMENT=26 DEFAULT CHARSET=utf8mb4 COLLATE=utf8mb4_0900_ai_ci;

-- ----------------------------
-- Records of application_student
-- ----------------------------
INSERT INTO `application_student` VALUES ('1', '佛山科学技术学院', '20200310118', '陆星霖', '20计科1班', '12', '2024-03-31 15:32:40', '2024-03-31 19:21:52');
INSERT INTO `application_student` VALUES ('3', '佛山科学技术学院', '20200310111', '小何', '20计科1班', '', '2024-03-31 19:52:56', '2024-03-31 19:52:56');
INSERT INTO `application_student` VALUES ('6', '中山大学', '20200310151', '王小小', '20计科1班', '1767474458358050818', '2024-03-31 23:02:08', '2024-04-03 14:14:06');
INSERT INTO `application_student` VALUES ('11', '华南理工大学', '20200310999', '李小小', '20计科1班', '1', '2024-04-02 21:05:01', '2024-04-02 21:05:01');
INSERT INTO `application_student` VALUES ('12', '中山大学', '20200310001', '张三', '计算机科学', '', '2024-04-03 12:53:45', '2024-04-03 12:53:45');
INSERT INTO `application_student` VALUES ('13', '华南理工大学', '20200310002', '李四', '信息工程', '', '2024-04-03 12:53:45', '2024-04-03 12:53:45');
INSERT INTO `application_student` VALUES ('14', '暨南大学', '20200310003', '王五', '软件工程', '', '2024-04-03 12:53:45', '2024-04-03 12:53:45');
INSERT INTO `application_student` VALUES ('15', '华南师范大学', '20200310004', '赵六', '电子商务', '', '2024-04-03 12:53:45', '2024-04-03 12:53:45');
INSERT INTO `application_student` VALUES ('16', '汕头大学', '20200310005', '钱七', '人工智能', '', '2024-04-03 12:53:45', '2024-04-03 12:53:45');
INSERT INTO `application_student` VALUES ('17', '广东工业大学', '20200310006', '孙八', '数据科学', '', '2024-04-03 12:53:45', '2024-04-03 12:53:45');
INSERT INTO `application_student` VALUES ('18', '华南农业大学', '20200310007', '周九', '物联网', '', '2024-04-03 12:53:45', '2024-04-03 12:53:45');
INSERT INTO `application_student` VALUES ('19', '广州大学', '20200310008', '吴十', '云计算', '', '2024-04-03 12:53:45', '2024-04-03 12:53:45');
INSERT INTO `application_student` VALUES ('20', '广东外语外贸大学', '20200310009', '郑十一', '区块链', '', '2024-04-03 12:53:45', '2024-04-03 12:53:45');
INSERT INTO `application_student` VALUES ('21', '广州中医药大学', '20200310010', '马十二', '大数据', '', '2024-04-03 12:53:45', '2024-04-03 12:53:45');
INSERT INTO `application_student` VALUES ('23', '广东海洋大学', '20200322111', '陈七七', '大数据', '', '2024-04-03 13:07:21', '2024-04-03 13:07:21');

-- ----------------------------
-- Table structure for crm_banner
-- ----------------------------
DROP TABLE IF EXISTS `crm_banner`;
CREATE TABLE `crm_banner` (
  `id` char(19) CHARACTER SET utf8mb4 COLLATE utf8mb4_0900_ai_ci NOT NULL DEFAULT '' COMMENT 'ID',
  `title` varchar(20) CHARACTER SET utf8mb4 COLLATE utf8mb4_0900_ai_ci DEFAULT '' COMMENT '标题',
  `image_url` varchar(500) CHARACTER SET utf8mb4 COLLATE utf8mb4_0900_ai_ci NOT NULL DEFAULT '' COMMENT '图片地址',
  `link_url` varchar(500) CHARACTER SET utf8mb4 COLLATE utf8mb4_0900_ai_ci DEFAULT '' COMMENT '链接地址',
  `sort` int unsigned NOT NULL DEFAULT '0' COMMENT '排序',
  `is_deleted` tinyint unsigned NOT NULL DEFAULT '0' COMMENT '逻辑删除 1（true）已删除， 0（false）未删除',
  `gmt_create` datetime NOT NULL COMMENT '创建时间',
  `gmt_modified` datetime NOT NULL COMMENT '更新时间',
  PRIMARY KEY (`id`) USING BTREE,
  UNIQUE KEY `uk_name` (`title`) USING BTREE
) ENGINE=InnoDB DEFAULT CHARSET=utf8mb4 COLLATE=utf8mb4_0900_ai_ci ROW_FORMAT=DYNAMIC COMMENT='首页banner表';

-- ----------------------------
-- Records of crm_banner
-- ----------------------------
INSERT INTO `crm_banner` VALUES ('1111111111111111111', '前程似锦', 'http://localhost:9528/src/static/img/banner/banner1.jpg', '/', '1', '0', '2024-03-13 14:05:57', '2024-03-13 14:05:59');
INSERT INTO `crm_banner` VALUES ('1111111111111111112', '职等你来', 'http://localhost:9528/src/static/img/banner/banner2.jpg', '/recuit', '2', '0', '2024-03-13 14:05:57', '2024-03-13 14:05:59');
INSERT INTO `crm_banner` VALUES ('1194556896025845762', '测试', 'http://localhost:9528/src/static/img/banner/banner3.jpg', '/', '3', '0', '2024-03-17 18:05:32', '2024-03-17 10:28:22');
INSERT INTO `crm_banner` VALUES ('1194607458461216769', '跳蚤市场', 'http://localhost:9528/src/static/img/banner/banner4.jpg', '/flea', '4', '0', '2024-03-17 21:26:27', '2019-11-14 09:12:15');

-- ----------------------------
-- Table structure for edu_chapter
-- ----------------------------
DROP TABLE IF EXISTS `edu_chapter`;
CREATE TABLE `edu_chapter` (
  `id` char(19) CHARACTER SET utf8mb4 COLLATE utf8mb4_0900_ai_ci NOT NULL COMMENT '章节ID',
  `course_id` char(19) CHARACTER SET utf8mb4 COLLATE utf8mb4_0900_ai_ci NOT NULL COMMENT '课程ID',
  `title` varchar(50) CHARACTER SET utf8mb4 COLLATE utf8mb4_0900_ai_ci NOT NULL COMMENT '章节名称',
  `sort` int unsigned NOT NULL DEFAULT '0' COMMENT '显示排序',
  `gmt_create` datetime NOT NULL COMMENT '创建时间',
  `gmt_modified` datetime NOT NULL COMMENT '更新时间',
  PRIMARY KEY (`id`) USING BTREE,
  KEY `idx_course_id` (`course_id`) USING BTREE
) ENGINE=InnoDB DEFAULT CHARSET=utf8mb4 COLLATE=utf8mb4_0900_ai_ci ROW_FORMAT=COMPACT COMMENT='课程';

-- ----------------------------
-- Records of edu_chapter
-- ----------------------------
INSERT INTO `edu_chapter` VALUES ('1', '14', '第一章：HTML', '0', '2024-03-05 12:27:40', '2024-03-05 12:27:40');
INSERT INTO `edu_chapter` VALUES ('1181729226915577857', '18', '第七章：I/O流', '70', '2024-03-05 12:27:40', '2024-03-05 12:27:40');
INSERT INTO `edu_chapter` VALUES ('1192252428399751169', '1192252213659774977', '第一章节', '0', '2024-03-05 12:27:40', '2024-03-05 12:27:40');
INSERT INTO `edu_chapter` VALUES ('15', '18', '第一章：Java入门', '0', '2024-03-05 12:27:40', '2024-03-05 12:27:40');
INSERT INTO `edu_chapter` VALUES ('1765734805528686593', '1765734749115297794', '哎哟不错哦', '0', '2024-03-07 21:42:38', '2024-03-07 21:42:38');
INSERT INTO `edu_chapter` VALUES ('1766081309622521858', '44', '阿里云', '0', '2024-03-08 20:39:31', '2024-03-08 20:39:31');
INSERT INTO `edu_chapter` VALUES ('1766386247519039489', '1766386130980302849', '绘画测试', '0', '2024-03-09 16:51:14', '2024-03-12 22:52:16');
INSERT INTO `edu_chapter` VALUES ('1766879365651202049', '1766879336693727234', '将进酒', '0', '2024-03-11 01:30:42', '2024-03-11 01:30:42');
INSERT INTO `edu_chapter` VALUES ('1767565018909421569', '1765019119223398401', 'python', '0', '2024-03-12 22:55:15', '2024-03-12 22:55:15');
INSERT INTO `edu_chapter` VALUES ('3', '14', '第二章：CSS', '0', '2024-03-17 12:55:35', '2024-03-17 12:55:35');
INSERT INTO `edu_chapter` VALUES ('32', '18', '第二章：控制台输入和输出', '0', '2024-03-17 12:55:35', '2024-03-17 12:55:35');
INSERT INTO `edu_chapter` VALUES ('44', '18', '第三章：控制流', '0', '2024-03-17 12:55:35', '2024-03-17 12:55:35');
INSERT INTO `edu_chapter` VALUES ('48', '18', '第四章：类的定义', '0', '2024-03-17 12:55:35', '2024-03-17 12:55:35');
INSERT INTO `edu_chapter` VALUES ('63', '18', '第五章：数组', '0', '2024-03-17 12:55:35', '2024-03-17 12:55:35');
INSERT INTO `edu_chapter` VALUES ('64', '18', '第六章：继承', '61', '2024-03-17 12:55:35', '2024-03-17 12:55:35');

-- ----------------------------
-- Table structure for edu_comment
-- ----------------------------
DROP TABLE IF EXISTS `edu_comment`;
CREATE TABLE `edu_comment` (
  `id` char(19) CHARACTER SET utf8mb4 COLLATE utf8mb4_0900_ai_ci NOT NULL COMMENT '讲师ID',
  `course_id` varchar(19) CHARACTER SET utf8mb4 COLLATE utf8mb4_0900_ai_ci NOT NULL DEFAULT '' COMMENT '课程id',
  `teacher_id` char(19) CHARACTER SET utf8mb4 COLLATE utf8mb4_0900_ai_ci NOT NULL DEFAULT '' COMMENT '讲师id',
  `member_id` varchar(19) CHARACTER SET utf8mb4 COLLATE utf8mb4_0900_ai_ci NOT NULL DEFAULT '' COMMENT '会员id',
  `nickname` varchar(50) CHARACTER SET utf8mb4 COLLATE utf8mb4_0900_ai_ci DEFAULT NULL COMMENT '会员昵称',
  `avatar` varchar(255) CHARACTER SET utf8mb4 COLLATE utf8mb4_0900_ai_ci DEFAULT NULL COMMENT '会员头像',
  `content` varchar(500) CHARACTER SET utf8mb4 COLLATE utf8mb4_0900_ai_ci DEFAULT NULL COMMENT '评论内容',
  `is_deleted` tinyint unsigned NOT NULL DEFAULT '0' COMMENT '逻辑删除 1（true）已删除， 0（false）未删除',
  `gmt_create` datetime NOT NULL COMMENT '创建时间',
  `gmt_modified` datetime NOT NULL COMMENT '更新时间',
  PRIMARY KEY (`id`) USING BTREE,
  KEY `idx_course_id` (`course_id`) USING BTREE,
  KEY `idx_teacher_id` (`teacher_id`) USING BTREE,
  KEY `idx_member_id` (`member_id`) USING BTREE
) ENGINE=InnoDB DEFAULT CHARSET=utf8mb4 COLLATE=utf8mb4_0900_ai_ci ROW_FORMAT=DYNAMIC COMMENT='评论';

-- ----------------------------
-- Records of edu_comment
-- ----------------------------
INSERT INTO `edu_comment` VALUES ('1194499162790211585', '1192252213659774977', '1', '1', '小三12', 'https://guili-wenjian.oss-cn-guangzhou.aliyuncs.com/avatar/keli.jpeg', '课程很好', '0', '2024-03-13 17:26:00', '2024-03-13 17:26:00');
INSERT INTO `edu_comment` VALUES ('1194898406466420738', '1192252213659774977', '1', '1', '小三12', 'https://guili-wenjian.oss-cn-guangzhou.aliyuncs.com/avatar/keli.jpeg', '11', '0', '2024-03-13 17:26:00', '2024-03-13 17:26:00');
INSERT INTO `edu_comment` VALUES ('1194898484388200450', '1192252213659774977', '1', '1', '小三12', 'https://guili-wenjian.oss-cn-guangzhou.aliyuncs.com/avatar/keli.jpeg', '111', '0', '2024-03-13 17:26:00', '2024-03-13 17:26:00');
INSERT INTO `edu_comment` VALUES ('1195251020861317122', '1192252213659774977', '1', '1', '小三12', 'https://guili-wenjian.oss-cn-guangzhou.aliyuncs.com/avatar/keli.jpeg', '2233', '0', '2024-03-13 17:26:00', '2024-03-13 17:26:00');
INSERT INTO `edu_comment` VALUES ('1195251382720700418', '1192252213659774977', '1', '1', '小三12', 'https://guili-wenjian.oss-cn-guangzhou.aliyuncs.com/avatar/keli.jpeg', '4455', '0', '2024-03-13 17:26:00', '2024-03-13 17:26:00');
INSERT INTO `edu_comment` VALUES ('1195252819177570306', '1192252213659774977', '1', '1', '小三12', 'https://guili-wenjian.oss-cn-guangzhou.aliyuncs.com/avatar/keli.jpeg', '55', '0', '2024-03-13 17:26:00', '2024-03-13 17:26:00');
INSERT INTO `edu_comment` VALUES ('1195252899448160258', '1192252213659774977', '1', '1', '小三12', 'https://guili-wenjian.oss-cn-guangzhou.aliyuncs.com/avatar/keli.jpeg', '55', '0', '2024-03-13 17:26:00', '2024-03-13 17:26:00');
INSERT INTO `edu_comment` VALUES ('1195252920587452417', '1192252213659774977', '1', '1', '小三12', 'https://guili-wenjian.oss-cn-guangzhou.aliyuncs.com/avatar/keli.jpeg', '223344', '0', '2024-03-13 17:26:00', '2024-03-13 17:26:00');
INSERT INTO `edu_comment` VALUES ('1195262128095559681', '14', '2', '1', '小三12', 'https://guili-wenjian.oss-cn-guangzhou.aliyuncs.com/avatar/keli.jpeg', '11', '0', '2024-03-13 17:26:00', '2024-03-13 17:26:00');
INSERT INTO `edu_comment` VALUES ('1196264505170767874', '1192252213659774977', '1', '1', '小三12', 'https://guili-wenjian.oss-cn-guangzhou.aliyuncs.com/avatar/keli.jpeg', '666666', '0', '2024-03-13 17:26:00', '2024-03-13 17:26:00');
INSERT INTO `edu_comment` VALUES ('1767844549261357058', '1192252213659774977', '1', '1', '小三123', 'https://guili-wenjian.oss-cn-guangzhou.aliyuncs.com/avatar/keli.jpeg', '韩老师真帅', '0', '2024-03-13 17:26:00', '2024-03-13 17:26:00');
INSERT INTO `edu_comment` VALUES ('1767845070995025922', '1766386130980302849', '1', '1', '小三123', 'https://guili-wenjian.oss-cn-guangzhou.aliyuncs.com/avatar/keli.jpeg', '韩老师真帅', '0', '2024-03-13 17:28:05', '2024-03-13 17:28:05');
INSERT INTO `edu_comment` VALUES ('1767845374809436161', '1765734749115297794', '8', '1', '小三123', 'https://guili-wenjian.oss-cn-guangzhou.aliyuncs.com/avatar/keli.jpeg', '讲的很好下次别讲了', '0', '2024-03-13 17:29:17', '2024-03-13 17:29:17');
INSERT INTO `edu_comment` VALUES ('1767918532639924226', '1192252213659774977', '1', '1', '小三123', 'https://guili-wenjian.oss-cn-guangzhou.aliyuncs.com/avatar/keli.jpeg', '韩老师最帅', '0', '2024-03-13 22:19:59', '2024-03-13 22:19:59');
INSERT INTO `edu_comment` VALUES ('1772564692407246849', '1765019119223398401', '5', '1', '小三123', 'https://guili-wenjian.oss-cn-guangzhou.aliyuncs.com/avatar/keli.jpeg', '', '0', '2024-03-26 18:02:10', '2024-03-26 18:02:10');
INSERT INTO `edu_comment` VALUES ('1772564720819462145', '1765019119223398401', '5', '1', '小三123', 'https://guili-wenjian.oss-cn-guangzhou.aliyuncs.com/avatar/keli.jpeg', '', '0', '2024-03-26 18:02:17', '2024-03-26 18:02:17');
INSERT INTO `edu_comment` VALUES ('1772943159858647041', '14', '2', '1767474458358050818', '王慕霸', 'http://localhost:9528/src/static/img/userAvatar/海绵宝宝.jpeg', '很好', '0', '2024-03-27 19:06:04', '2024-03-27 19:06:04');
INSERT INTO `edu_comment` VALUES ('1774072846643212289', '1192252213659774977', '1', '1767474458358050818', '王慕霸', 'http://localhost:9528/src/static/img/userAvatar/海绵宝宝.jpeg', '韩老师很帅', '0', '2024-03-30 21:55:02', '2024-03-30 21:55:02');

-- ----------------------------
-- Table structure for edu_course
-- ----------------------------
DROP TABLE IF EXISTS `edu_course`;
CREATE TABLE `edu_course` (
  `id` char(19) CHARACTER SET utf8mb4 COLLATE utf8mb4_0900_ai_ci NOT NULL COMMENT '课程ID',
  `teacher_id` char(19) CHARACTER SET utf8mb4 COLLATE utf8mb4_0900_ai_ci NOT NULL COMMENT '课程讲师ID',
  `subject_id` char(19) CHARACTER SET utf8mb4 COLLATE utf8mb4_0900_ai_ci NOT NULL COMMENT '课程专业ID',
  `subject_parent_id` char(19) CHARACTER SET utf8mb4 COLLATE utf8mb4_0900_ai_ci NOT NULL COMMENT '课程专业父级ID',
  `title` varchar(50) CHARACTER SET utf8mb4 COLLATE utf8mb4_0900_ai_ci NOT NULL COMMENT '课程标题',
  `price` decimal(10,2) unsigned NOT NULL DEFAULT '0.00' COMMENT '课程销售价格，设置为0则可免费观看',
  `lesson_num` int unsigned NOT NULL DEFAULT '0' COMMENT '总课时',
  `cover` varchar(255) CHARACTER SET utf8mb3 COLLATE utf8mb3_general_ci NOT NULL COMMENT '课程封面图片路径',
  `buy_count` bigint unsigned NOT NULL DEFAULT '0' COMMENT '销售数量',
  `view_count` bigint unsigned NOT NULL DEFAULT '0' COMMENT '浏览数量',
  `version` bigint unsigned NOT NULL DEFAULT '1' COMMENT '乐观锁',
  `status` varchar(10) CHARACTER SET utf8mb4 COLLATE utf8mb4_0900_ai_ci NOT NULL DEFAULT 'Draft' COMMENT '课程状态 Draft未发布  Normal已发布',
  `is_deleted` tinyint DEFAULT NULL COMMENT '逻辑删除 1（true）已删除， 0（false）未删除',
  `gmt_create` datetime NOT NULL COMMENT '创建时间',
  `gmt_modified` datetime NOT NULL COMMENT '更新时间',
  PRIMARY KEY (`id`) USING BTREE,
  KEY `idx_title` (`title`) USING BTREE,
  KEY `idx_subject_id` (`subject_id`) USING BTREE,
  KEY `idx_teacher_id` (`teacher_id`) USING BTREE
) ENGINE=InnoDB DEFAULT CHARSET=utf8mb4 COLLATE=utf8mb4_0900_ai_ci ROW_FORMAT=COMPACT COMMENT='课程';

-- ----------------------------
-- Records of edu_course
-- ----------------------------
INSERT INTO `edu_course` VALUES ('1192252213659774977', '1', '1178214681139539969', '1178214681118568449', 'java基础课程：test', '0.01', '3', 'http://localhost:9528/src/static/img/course/1442295581911.jpg', '4', '617', '1', 'Normal', '0', '2024-03-05 22:18:45', '2024-04-02 16:00:08');
INSERT INTO `edu_course` VALUES ('14', '2', '1178585108454121473', '1178214681181483010', 'XHTML CSS2 JS整站制作教程课程学习', '0.00', '3', 'http://localhost:9528/src/static/img/course/1442295527931.jpg', '3', '183', '15', 'Normal', '0', '2024-03-05 22:18:45', '2024-03-28 22:17:49');
INSERT INTO `edu_course` VALUES ('15', '3', '1178585108454121473', '1178214681181483010', 'HTML5入门课程学习', '0.00', '23', 'http://localhost:9528/src/static/img/course/1442295556203.jpg', '0', '180', '17', 'Normal', '0', '2024-03-05 22:18:45', '2024-04-02 15:21:21');
INSERT INTO `edu_course` VALUES ('1765019119223398401', '5', '1178585108407984130', '1178214681118568449', 'PYTHON零基础入门学习', '8.00', '66', 'http://localhost:9528/src/static/img/course/1442295455437.jpg', '0', '23', '1', 'Normal', '0', '2024-03-05 22:18:45', '2024-04-01 17:30:36');
INSERT INTO `edu_course` VALUES ('1765734749115297794', '8', '1178214681504444418', '1178214681483472898', '国家教师资格', '0.00', '666', 'http://localhost:9528/src/static/img/course/1442295506745.jpg', '0', '60', '1', 'Normal', '0', '2024-03-07 21:42:25', '2024-04-01 21:17:26');
INSERT INTO `edu_course` VALUES ('1766361116801343490', '2', '1178214681428946945', '1178214681399586817', 'MYSQL从入门到入土', '666.00', '666', 'http://localhost:9528/src/static/img/course/1442295570359.jpg', '0', '20', '1', 'Normal', '0', '2024-03-09 15:11:22', '2024-04-01 23:12:26');
INSERT INTO `edu_course` VALUES ('1766386130980302849', '1', '1178585108454125222', '1178585108454122222', 'C4D零基础教学', '66.00', '66', 'http://localhost:9528/src/static/img/course/1442295604295.jpg', '0', '33', '1', 'Normal', '0', '2024-03-09 16:50:46', '2024-04-04 13:56:10');
INSERT INTO `edu_course` VALUES ('1766879336693727234', '2', '1178214681428946945', '1178214681399586817', 'SEO搜索引擎优化技术', '666.00', '0', 'http://localhost:9528/src/static/img/course/1442302852837.jpg', '0', '10', '1', 'Normal', '0', '2024-03-11 01:30:36', '2024-03-16 14:51:05');
INSERT INTO `edu_course` VALUES ('1769689676472688642', '2', '1178214681139539969', '1178214681118568449', '1', '0.00', '0', 'http://localhost:9528/src/static/img/course/javaLearn.jpg', '0', '0', '1', 'Draft', '0', '2024-03-18 19:37:53', '2024-04-01 21:17:18');
INSERT INTO `edu_course` VALUES ('1774788242199367681', '6', '1178214681210843137', '1178214681181483010', '1', '0.00', '0', 'http://localhost:9528/src/static/img/course/javaLearn.jpg', '0', '0', '1', 'Normal', '1', '2024-04-01 21:17:46', '2024-04-01 21:20:50');
INSERT INTO `edu_course` VALUES ('1774788385069944834', '6', '1178585108407984130', '1178214681118568449', '123', '0.00', '0', 'http://localhost:9528/src/static/img/course/javaLearn.jpg', '0', '0', '1', 'Normal', '1', '2024-04-01 21:18:20', '2024-04-01 21:20:15');
INSERT INTO `edu_course` VALUES ('18', '1', '1178214681139539969', '1178214681118568449', 'Java精品课程', '0.01', '20', 'http://localhost:9528/src/static/img/course/1442295581911.jpg', '151', '817', '6', 'Normal', '0', '2024-03-05 22:18:45', '2024-04-01 18:22:10');
INSERT INTO `edu_course` VALUES ('2767574269925048321', '10', '1178214681504444418', '1178214681483472898', '充数', '0.00', '66', 'http://localhost:9528/src/static/img/course/javaLearn.jpg', '0', '0', '1', 'Normal', '0', '2024-03-12 23:32:01', '2024-03-12 23:33:40');
INSERT INTO `edu_course` VALUES ('2767574269925048328', '10', '1178214681504444418', '1178214681483472898', '充数啊', '0.00', '66', 'http://localhost:9528/src/static/img/course/javaLearn.jpg', '0', '0', '1', 'Normal', '0', '2024-03-12 23:32:01', '2024-03-12 23:33:40');

-- ----------------------------
-- Table structure for edu_course_description
-- ----------------------------
DROP TABLE IF EXISTS `edu_course_description`;
CREATE TABLE `edu_course_description` (
  `id` char(19) CHARACTER SET utf8mb4 COLLATE utf8mb4_0900_ai_ci NOT NULL COMMENT '课程ID',
  `description` text CHARACTER SET utf8mb4 COLLATE utf8mb4_0900_ai_ci COMMENT '课程简介',
  `gmt_create` datetime NOT NULL COMMENT '创建时间',
  `gmt_modified` datetime NOT NULL COMMENT '更新时间',
  PRIMARY KEY (`id`) USING BTREE
) ENGINE=InnoDB DEFAULT CHARSET=utf8mb4 COLLATE=utf8mb4_0900_ai_ci ROW_FORMAT=DYNAMIC COMMENT='课程简介';

-- ----------------------------
-- Records of edu_course_description
-- ----------------------------
INSERT INTO `edu_course_description` VALUES ('1192252213659774977', '<p>测试</p>', '2024-03-17 09:27:33', '2024-04-01 21:20:33');
INSERT INTO `edu_course_description` VALUES ('14', '<p>HTML5是一种广泛使用的HTML标准，于2014年10月由万维网联盟（W3C）发布。HTML5提供了许多新的功能，如媒体元素、Canvas绘图、本地存储等，使得开发者可以创建更复杂、更强大的网页。</p>', '2024-03-17 06:04:43', '2024-03-17 06:04:43');
INSERT INTO `edu_course_description` VALUES ('15', '<p>HTML5是一种广泛使用的HTML标准，于2014年10月由万维网联盟（W3C）发布。HTML5提供了许多新的功能，如媒体元素、Canvas绘图、本地存储等，使得开发者可以创建更复杂、更强大的网页。</p>', '2024-03-17 06:03:33', '2024-03-17 06:03:33');
INSERT INTO `edu_course_description` VALUES ('1765019119223398401', '<p>Python是一种广泛使用的解释型、高级编程语言，具有简洁的语法和强大的库。Python支持多种编程范式，如面向对象编程、函数式编程等，可以用于开发Web应用、后端服务、游戏、科学计算等领域。</p>', '2024-03-17 22:18:45', '2024-03-17 22:18:45');
INSERT INTO `edu_course_description` VALUES ('1765734749115297794', '<p>《将进酒》是唐代诗人李白的作品，是乐府诗的一种。此诗中，作者以豪迈的语言，表达了乐观自信的情感，表现了作者豪迈、奔放、傲岸不羁的个性。</p>\n<p>《将进酒》全文如下：</p>\n<p>君不见，黄河之水天上来，奔流到海不复回。<br />君不见，高堂明镜悲白发，朝如青丝暮成雪。<br />人生得意须尽欢，莫使金樽空对月。<br />天生我材必有用，千金散尽还复来。<br />烹羊宰牛且为乐，会须一饮三百杯。<br />岑夫子，丹丘生，将进酒，杯莫停。<br />与君歌一曲，请君为我倾耳听。<br />钟鼓馔玉不足贵，但愿长醉不复醒。<br />古来圣贤皆寂寞，惟有饮者留其名。<br />陈王昔时宴平乐，斗酒十千恣欢谑。<br />主人何为言少钱，径须沽取对君酌。<br />五花马，千金裘，呼儿将出换美酒，与尔同销万古愁。</p>\n<p>这首诗通过一系列的对比，如黄河之水和高堂明镜，表达了作者对时光易逝、人生短暂的感慨，同时表达了作者对豪饮的热爱和对圣贤的蔑视。全诗情感丰富，语言豪迈，是一篇经典的乐府诗。</p>\n<p>&nbsp;</p>', '2024-03-07 21:42:25', '2024-04-01 21:17:26');
INSERT INTO `edu_course_description` VALUES ('1766361116801343490', '<p>MySQL是一款开源的关系型数据库管理系统，它使用SQL（结构化查询语言）作为查询和操作语言。MySQL由于其体积小、速度快、成本低，广泛应用于各种大大小小的项目中，特别是在Web应用方面，是各种Web应用中存储和检索数据的重要工具。</p>\n<p>MySQL具有以下特点：</p>\n<p>1. 开源：MySQL是一款开源软件，意味着你可以自由地使用、修改和分发它。</p>\n<p>2. 跨平台：MySQL可以在多个操作系统上运行，如Windows、Linux、Unix等。</p>\n<p>3. 成本低：相比于其他商业数据库管理系统，MySQL的成本较低，这也是它广泛应用于各种项目的原因之一。</p>\n<p>4. 性能稳定：MySQL在性能上表现稳定，能够处理高并发访问。</p>\n<p>5. 支持多种语言：MySQL支持多种语言，如C、C++、Java、Python等。</p>\n<p>6. 丰富的功能：MySQL提供了丰富的功能，如数据表的增删改查、数据类型支持、索引支持等。</p>\n<p>7. 社区支持：MySQL拥有庞大的开发者社区，你可以在社区中获取各种支持和技术帮助。</p>\n<p>总之，MySQL是一款功能丰富、性能稳定、成本较低的关系型数据库管理系统，它在各种项目中有着广泛的应用。</p>\n<p>&nbsp;</p>', '2024-03-09 15:11:22', '2024-03-25 23:43:42');
INSERT INTO `edu_course_description` VALUES ('1766386130980302849', '<p>C4D是德国Maxon Computer开发的一款3D绘图软件，全称是Computer Aided Design（计算机辅助设计）。C4D功能强大，可以用于制作电影、游戏、广告、产品设计等领域。C4D的操作界面友好，可以快速上手。</p>', '2024-03-09 16:50:46', '2024-03-12 22:52:05');
INSERT INTO `edu_course_description` VALUES ('1766879336693727234', '<p>SEO（Search Engine Optimization）即搜索引擎优化，是一种利用搜索引擎规则提高网站在搜索引擎自然排名的方法。SEO的主要工作是了解搜索引擎如何抓取、索引和排序网页，以及如何确定搜索引擎认为网站与特定关键词的相关性，从而提高网站在搜索引擎的自然排名。</p>', '2024-03-11 01:30:36', '2024-03-16 14:51:05');
INSERT INTO `edu_course_description` VALUES ('1769689676472688642', '<p>后端开发测试</p>', '2024-03-18 19:37:53', '2024-04-01 21:17:18');
INSERT INTO `edu_course_description` VALUES ('18', '<p>本套Java视频完全针对零基础学员，课堂实录，自发布以来，好评如潮！Java视频中注重与学生互动，讲授幽默诙谐、细致入微，覆盖Java基础所有核心知识点，同类Java视频中也是代码量大、案例多、实战性强的。同时，本Java视频教程注重技术原理剖析，深入JDK源码，辅以代码实战贯穿始终，用实践驱动理论，并辅以必要的代码练习。</p>\n<p>------------------------------------</p>\n<p>视频特点：</p>\n<p>通过学习本Java视频教程，大家能够真正将Java基础知识学以致用、活学活用，构架Java编程思想，牢牢掌握\"源码级\"的Javase核心技术，并为后续JavaWeb等技术的学习奠定扎实基础。<br /><br />1.通俗易懂，细致入微：每个知识点高屋建瓴，深入浅出，简洁明了的说明问题<br />2.具实战性：全程真正代码实战，涵盖上百个企业应用案例及练习<br />3.深入：源码分析，更有 Java 反射、动态代理的实际应用等<br />4.登录尚硅谷官网，技术讲师免费在线答疑</p>', '2024-03-17 18:06:36', '2024-03-06 22:06:30');
INSERT INTO `edu_course_description` VALUES ('2767574269925048321', '<p>112323123测试</p>', '2024-03-17 00:31:55', '2024-03-17 00:31:55');
INSERT INTO `edu_course_description` VALUES ('2767574269925048328', '<p>充数的</p>', '2024-03-12 23:32:01', '2024-03-12 23:32:01');

-- ----------------------------
-- Table structure for edu_subject
-- ----------------------------
DROP TABLE IF EXISTS `edu_subject`;
CREATE TABLE `edu_subject` (
  `id` char(19) CHARACTER SET utf8mb4 COLLATE utf8mb4_0900_ai_ci NOT NULL COMMENT '课程类别ID',
  `title` varchar(10) CHARACTER SET utf8mb4 COLLATE utf8mb4_0900_ai_ci NOT NULL COMMENT '类别名称',
  `parent_id` char(19) CHARACTER SET utf8mb4 COLLATE utf8mb4_0900_ai_ci NOT NULL DEFAULT '0' COMMENT '父ID',
  `sort` int unsigned NOT NULL DEFAULT '0' COMMENT '排序字段',
  `gmt_create` datetime NOT NULL COMMENT '创建时间',
  `gmt_modified` datetime NOT NULL COMMENT '更新时间',
  PRIMARY KEY (`id`) USING BTREE,
  KEY `idx_parent_id` (`parent_id`) USING BTREE
) ENGINE=InnoDB DEFAULT CHARSET=utf8mb4 COLLATE=utf8mb4_0900_ai_ci ROW_FORMAT=COMPACT COMMENT='课程科目';

-- ----------------------------
-- Records of edu_subject
-- ----------------------------
INSERT INTO `edu_subject` VALUES ('1178214681118568449', '后端开发', '0', '1', '2019-09-29 15:47:25', '2019-09-29 15:47:25');
INSERT INTO `edu_subject` VALUES ('1178214681139539969', 'Java', '1178214681118568449', '2', '2019-09-29 15:47:25', '2019-09-29 15:47:25');
INSERT INTO `edu_subject` VALUES ('1178214681181483010', '前端开发', '0', '3', '2019-09-29 15:47:25', '2019-09-29 15:47:25');
INSERT INTO `edu_subject` VALUES ('1178214681210843137', 'JavaScript', '1178214681181483010', '4', '2019-09-29 15:47:25', '2019-09-29 15:47:25');
INSERT INTO `edu_subject` VALUES ('1178214681231814658', '云计算', '0', '5', '2019-09-29 15:47:25', '2019-09-29 15:47:25');
INSERT INTO `edu_subject` VALUES ('1178214681252786178', 'Docker', '1178214681231814658', '6', '2024-03-12 16:19:22', '2024-03-12 22:50:54');
INSERT INTO `edu_subject` VALUES ('1178214681294729217', 'Linux', '1178214681231814658', '7', '2024-03-12 16:19:22', '2024-03-12 22:50:54');
INSERT INTO `edu_subject` VALUES ('1178214681324089345', '系统/运维', '0', '8', '2024-03-12 16:19:22', '2024-03-12 22:50:54');
INSERT INTO `edu_subject` VALUES ('1178214681353449473', 'Linux', '1178214681324089345', '9', '2024-03-12 16:19:22', '2024-03-12 22:50:54');
INSERT INTO `edu_subject` VALUES ('1178214681382809602', 'Windows', '1178214681324089345', '10', '2024-03-12 16:19:22', '2024-03-12 22:50:54');
INSERT INTO `edu_subject` VALUES ('1178214681399586817', '数据库', '0', '11', '2024-03-12 16:19:22', '2024-03-12 22:50:54');
INSERT INTO `edu_subject` VALUES ('1178214681428946945', 'MySQL', '1178214681399586817', '12', '2024-03-12 16:19:22', '2024-03-12 22:50:54');
INSERT INTO `edu_subject` VALUES ('1178214681454112770', 'MongoDB', '1178214681399586817', '13', '2024-03-12 16:19:22', '2024-03-12 22:50:54');
INSERT INTO `edu_subject` VALUES ('1178214681483472898', '大数据', '0', '14', '2024-03-12 16:19:22', '2024-03-12 22:50:54');
INSERT INTO `edu_subject` VALUES ('1178214681504444418', 'Hadoop', '1178214681483472898', '15', '2024-03-12 16:19:22', '2024-03-12 22:50:54');
INSERT INTO `edu_subject` VALUES ('1178214681529610242', 'Spark', '1178214681483472898', '16', '2024-03-12 16:19:22', '2024-03-12 22:50:54');
INSERT INTO `edu_subject` VALUES ('1178214681554776066', '人工智能', '0', '18', '2024-03-12 16:19:22', '2024-03-12 22:50:54');
INSERT INTO `edu_subject` VALUES ('1178214681584136193', 'Python', '1178214681554776066', '19', '2024-03-12 16:19:22', '2024-03-12 22:50:54');
INSERT INTO `edu_subject` VALUES ('1178214681613496321', '编程语言', '0', '20', '2024-03-12 16:19:22', '2024-03-12 22:50:54');
INSERT INTO `edu_subject` VALUES ('1178214681626079234', 'Java', '1178214681613496321', '21', '2024-03-12 16:19:22', '2024-03-12 22:50:54');
INSERT INTO `edu_subject` VALUES ('1178585108407984130', 'Python', '1178214681118568449', '22', '2024-03-12 16:19:22', '2024-03-12 22:50:54');
INSERT INTO `edu_subject` VALUES ('1178585108454121473', 'HTML/CSS', '1178214681181483010', '23', '2024-03-12 16:19:22', '2024-03-12 22:50:54');
INSERT INTO `edu_subject` VALUES ('1178585108454122222', '3D绘图', '0', '24', '2024-03-12 22:50:51', '2024-03-12 22:50:54');
INSERT INTO `edu_subject` VALUES ('1178585108454125222', 'C4D', '1178585108454122222', '25', '2024-03-12 22:51:27', '2024-03-12 22:51:30');
INSERT INTO `edu_subject` VALUES ('1770389902309195778', 'c++', '1178214681118568449', '27', '2024-03-20 18:00:20', '2024-03-27 01:24:55');
INSERT INTO `edu_subject` VALUES ('1772672899892994049', '测试', '0', '28', '2024-03-27 01:12:09', '2024-03-29 01:36:20');
INSERT INTO `edu_subject` VALUES ('1772672944109346818', '测试一下啊', '1772672899892994049', '29', '2024-03-27 01:12:19', '2024-03-27 01:24:42');
INSERT INTO `edu_subject` VALUES ('1773403741472710658', '测试', '1772672899892994049', '30', '2024-03-29 01:36:15', '2024-03-29 01:36:15');

-- ----------------------------
-- Table structure for edu_teacher
-- ----------------------------
DROP TABLE IF EXISTS `edu_teacher`;
CREATE TABLE `edu_teacher` (
  `id` int NOT NULL AUTO_INCREMENT,
  `name` varchar(20) CHARACTER SET utf8mb4 COLLATE utf8mb4_0900_ai_ci NOT NULL COMMENT '讲师姓名',
  `intro` varchar(500) CHARACTER SET utf8mb4 COLLATE utf8mb4_0900_ai_ci NOT NULL DEFAULT '' COMMENT '讲师简介',
  `career` varchar(500) CHARACTER SET utf8mb4 COLLATE utf8mb4_0900_ai_ci DEFAULT NULL COMMENT '讲师资历,一句话说明讲师',
  `level` int unsigned NOT NULL COMMENT '头衔 1高级讲师 2首席讲师',
  `avatar` varchar(255) CHARACTER SET utf8mb4 COLLATE utf8mb4_0900_ai_ci DEFAULT NULL COMMENT '讲师头像',
  `sort` int unsigned NOT NULL DEFAULT '0' COMMENT '排序',
  `is_deleted` tinyint unsigned NOT NULL DEFAULT '0' COMMENT '逻辑删除 1（true）已删除， 0（false）未删除',
  `gmt_create` datetime NOT NULL COMMENT '创建时间',
  `gmt_modified` datetime NOT NULL COMMENT '更新时间',
  PRIMARY KEY (`id`) USING BTREE,
  UNIQUE KEY `uk_name` (`name`) USING BTREE
) ENGINE=InnoDB AUTO_INCREMENT=32 DEFAULT CHARSET=utf8mb4 COLLATE=utf8mb4_0900_ai_ci ROW_FORMAT=DYNAMIC COMMENT='讲师';

-- ----------------------------
-- Records of edu_teacher
-- ----------------------------
INSERT INTO `edu_teacher` VALUES ('1', '韩老师', '韩顺平老师拥有九年大型项目开发和管理经验，曾任新浪网软件项目经理，使用PHP与JavaEE技术开发新浪网系统，北京点击科技公司高级软件工程师，用友软件股份有限公司U8事业部软件工程师，具有丰富的互联网开发经验。', 'java高级开发工程师', '1', 'https://guili-wenjian.oss-cn-guangzhou.aliyuncs.com/avatar/2024/03/12/a9059e0e60f74931a949902749b75dfefile.png', '0', '0', '2024-03-12 20:52:04', '2024-03-12 20:52:04');
INSERT INTO `edu_teacher` VALUES ('2', '鱼皮', '全栈开发小哥，用编程做点有趣的事！免费编程学习资源：http://codefather.cn ，b站程序员大佬', '鱼皮大佬', '1', 'https://guili-wenjian.oss-cn-guangzhou.aliyuncs.com/avatar/2024/03/12/58f62c7f285c459aa8c75557de878446file.png', '0', '0', '2024-03-12 21:02:43', '2024-03-12 21:02:43');
INSERT INTO `edu_teacher` VALUES ('3', '李刚', '高级讲师简介', '高级讲师', '2', 'https://guili-wenjian.oss-cn-guangzhou.aliyuncs.com/avatar/2024/02/29/02795f576c494eabbfad966050e449e7file.png', '2', '0', '2024-02-28 21:15:51', '2024-02-28 21:15:51');
INSERT INTO `edu_teacher` VALUES ('4', '王二', '高级讲师简介', '高级讲师', '1', 'https://guili-wenjian.oss-cn-guangzhou.aliyuncs.com/avatar/2024/02/29/02795f576c494eabbfad966050e449e7file.png', '0', '0', '2024-02-28 21:15:51', '2024-02-28 21:15:51');
INSERT INTO `edu_teacher` VALUES ('5', '王五', '高级讲师简介', '高级讲师', '1', 'https://guli-file-190513.oss-cn-beijing.aliyuncs.com/avatar/default.jpg', '0', '0', '2024-02-28 21:15:51', '2024-02-28 21:15:51');
INSERT INTO `edu_teacher` VALUES ('6', '李四', '高级讲师简介', '高级讲师', '1', 'https://guli-file-190513.oss-cn-beijing.aliyuncs.com/avatar/default.jpg', '0', '0', '2024-02-28 21:15:51', '2024-02-28 21:15:51');
INSERT INTO `edu_teacher` VALUES ('7', '1222-12-12', '1111', '11', '1', 'https://guili-wenjian.oss-cn-guangzhou.aliyuncs.com/avatar/2024/02/29/02795f576c494eabbfad966050e449e7file.png', '0', '0', '2024-02-28 21:15:51', '2024-02-28 21:15:51');
INSERT INTO `edu_teacher` VALUES ('8', '李白', '1', '1', '1', 'https://guili-wenjian.oss-cn-guangzhou.aliyuncs.com/avatar/2024/02/29/02795f576c494eabbfad966050e449e7file.png', '0', '0', '2024-02-28 21:15:51', '2024-02-29 19:34:11');
INSERT INTO `edu_teacher` VALUES ('9', '头像测试', '1', '1', '2', 'https://guili-wenjian.oss-cn-guangzhou.aliyuncs.com/avatar/2024/02/29/b99c73a5473943f38f73d0e1d672432afile.png', '1', '0', '2024-02-29 19:30:01', '2024-02-29 19:30:01');
INSERT INTO `edu_teacher` VALUES ('10', '张三', '近年主持国家自然科学基金（6项）、江苏省重大科技成果转化项目（5项）、江苏省产学研前瞻性联合研究项目（3项）、省工业科技支撑、省高技术、省自然科学基金等省部级及其企业的主要科研项目40多个，多个项目在企业成功转化，产生了较好的经济、社会和环境效益。积极开展产学研科技合作，并与省内16家企业建立了江苏省研究生工作站，其中6家为江苏省优秀研究生工作站', '高级', '1', 'https://guli-file-190513.oss-cn-beijing.aliyuncs.com/avatar/default.jpg', '0', '0', '2024-02-29 19:30:01', '2024-02-29 19:30:01');
INSERT INTO `edu_teacher` VALUES ('11', '晴天', '高级讲师简介1', '高级讲师资历', '2', 'https://guili-wenjian.oss-cn-guangzhou.aliyuncs.com/avatar/keli.jpeg', '1', '0', '2024-02-29 19:30:01', '2024-03-17 22:15:47');
INSERT INTO `edu_teacher` VALUES ('25', '1', '1', '1', '2', null, '1', '0', '2024-03-29 01:35:27', '2024-03-29 01:35:27');
INSERT INTO `edu_teacher` VALUES ('27', '何老师', '很强', '很强', '1', null, '4', '1', '2024-04-01 00:40:12', '2024-04-01 00:40:12');
INSERT INTO `edu_teacher` VALUES ('28', '李老师', '十分强', '很强', '1', null, '1', '1', '2024-04-01 00:40:34', '2024-04-01 00:40:34');

-- ----------------------------
-- Table structure for edu_video
-- ----------------------------
DROP TABLE IF EXISTS `edu_video`;
CREATE TABLE `edu_video` (
  `id` char(19) CHARACTER SET utf8mb4 COLLATE utf8mb4_0900_ai_ci NOT NULL COMMENT '视频ID',
  `course_id` char(19) CHARACTER SET utf8mb4 COLLATE utf8mb4_0900_ai_ci NOT NULL COMMENT '课程ID',
  `chapter_id` char(19) CHARACTER SET utf8mb4 COLLATE utf8mb4_0900_ai_ci NOT NULL COMMENT '章节ID',
  `title` varchar(50) CHARACTER SET utf8mb4 COLLATE utf8mb4_0900_ai_ci NOT NULL COMMENT '节点名称',
  `video_source_id` varchar(100) CHARACTER SET utf8mb4 COLLATE utf8mb4_0900_ai_ci DEFAULT NULL COMMENT '云端视频资源',
  `video_original_name` varchar(100) CHARACTER SET utf8mb4 COLLATE utf8mb4_0900_ai_ci DEFAULT NULL COMMENT '原始文件名称',
  `sort` int unsigned NOT NULL DEFAULT '0' COMMENT '排序字段',
  `play_count` bigint unsigned NOT NULL DEFAULT '0' COMMENT '播放次数',
  `is_free` tinyint unsigned NOT NULL DEFAULT '0' COMMENT '是否可以试听：0收费 1免费',
  `duration` float NOT NULL DEFAULT '0' COMMENT '视频时长（秒）',
  `status` varchar(20) CHARACTER SET utf8mb4 COLLATE utf8mb4_0900_ai_ci NOT NULL DEFAULT 'Empty' COMMENT 'Empty未上传 Transcoding转码中  Normal正常',
  `size` bigint unsigned NOT NULL DEFAULT '0' COMMENT '视频源文件大小（字节）',
  `version` bigint unsigned NOT NULL DEFAULT '1' COMMENT '乐观锁',
  `gmt_create` datetime NOT NULL COMMENT '创建时间',
  `gmt_modified` datetime NOT NULL COMMENT '更新时间',
  PRIMARY KEY (`id`) USING BTREE,
  KEY `idx_course_id` (`course_id`) USING BTREE,
  KEY `idx_chapter_id` (`chapter_id`) USING BTREE
) ENGINE=InnoDB DEFAULT CHARSET=utf8mb4 COLLATE=utf8mb4_0900_ai_ci ROW_FORMAT=COMPACT COMMENT='课程视频';

-- ----------------------------
-- Records of edu_video
-- ----------------------------
INSERT INTO `edu_video` VALUES ('1182499307429339137', '18', '32', '第一节', '', '', '0', '0', '0', '0', '', '0', '1', '2024-03-08 20:42:40', '2024-03-08 20:42:40');
INSERT INTO `edu_video` VALUES ('1185312444399071234', '14', '1', '12', '', '', '0', '0', '0', '0', 'Empty', '0', '1', '2024-03-09 16:51:28', '2024-03-09 16:51:28');
INSERT INTO `edu_video` VALUES ('1189434737808990210', '18', '44', '测试', '', '', '1', '0', '0', '0', 'Empty', '0', '1', '2024-03-08 20:42:40', '2024-03-11 01:31:04');
INSERT INTO `edu_video` VALUES ('1189471423678939138', '18', '1181729226915577857', 'test', '2b887dc9584d4dc68908780ec57cd3b9', '视频', '1', '0', '0', '0', 'Empty', '0', '1', '2024-03-09 16:51:28', '2024-03-08 20:42:40');
INSERT INTO `edu_video` VALUES ('1189476403626409986', '18', '1181729226915577857', '22', '5155c73dc112475cbbddccf4723f7cef', '视频.mp4', '0', '0', '0', '0', 'Empty', '0', '1', '2024-03-11 01:31:04', '2024-03-09 16:51:28');
INSERT INTO `edu_video` VALUES ('17', '18', '15', '第一节：Java简介', '196116a6fee742e1ba9f6c18f65bd8c1', '1', '1', '1000', '1', '100', 'Draft', '0', '1', '2024-03-11 01:31:04', '2024-03-09 16:51:28');
INSERT INTO `edu_video` VALUES ('1766082101465174018', '44', '1766081309622521858', '阿里云上传测试', '', null, '0', '0', '1', '0', 'Empty', '0', '1', '2024-03-08 20:42:40', '2024-03-08 20:42:40');
INSERT INTO `edu_video` VALUES ('1766386305496903681', '1766386130980302849', '1766386247519039489', '绘画视频', 'e0827160ddf271ee80446732b68f0102', '6 - What If I Want to Move Faster.mp4', '0', '0', '0', '0', 'Empty', '0', '1', '2024-03-09 16:51:28', '2024-03-12 22:52:25');
INSERT INTO `edu_video` VALUES ('1766879456516603906', '1766879336693727234', '1766879365651202049', '杯莫停', '', '', '0', '0', '1', '0', 'Empty', '0', '1', '2024-03-11 01:31:04', '2024-03-11 01:31:04');
INSERT INTO `edu_video` VALUES ('1773760644287565825', '1192252213659774977', '1192252428399751169', 'java简介', 'a0f1b0daedef71ee95786733a68f0102', '课程介绍.mp4', '0', '0', '0', '0', 'Empty', '0', '1', '2024-03-30 01:14:27', '2024-03-30 01:14:53');
INSERT INTO `edu_video` VALUES ('1773760903537496066', '1192252213659774977', '1192252428399751169', '学习前的话', '803202b5edf371eebe086732b78e0102', '学习前的话.mp4', '0', '0', '0', '0', 'Empty', '0', '1', '2024-03-30 01:15:29', '2024-03-30 01:42:30');
INSERT INTO `edu_video` VALUES ('18', '18', '15', '第二节：表达式和赋值语句', '2d99b08ca0214909899910c9ba042d47', '7 - How Do I Find Time for My ', '2', '999', '1', '100', 'Draft', '0', '1', '2024-03-17 13:09:02', '2019-03-08 03:30:27');
INSERT INTO `edu_video` VALUES ('19', '18', '15', '第三节：String类', '51120d59ddfd424cb5ab08b44fc8b23a', 'eae2b847ef8503b81f5d5593d769dde2.mp4', '3', '888', '0', '100', 'Draft', '0', '1', '2024-03-08 20:42:40', '2019-11-12 12:50:45');
INSERT INTO `edu_video` VALUES ('20', '18', '15', '第四节：程序风格', '2a38988892d84df598752226c50f3fa3', '00-day10总结.avi', '4', '666', '0', '100', 'Draft', '0', '1', '2024-03-09 16:51:28', '2019-10-11 09:20:09');

-- ----------------------------
-- Table structure for flea_banner
-- ----------------------------
DROP TABLE IF EXISTS `flea_banner`;
CREATE TABLE `flea_banner` (
  `id` int NOT NULL AUTO_INCREMENT,
  `goods_id` int NOT NULL,
  `sort_order` int DEFAULT NULL,
  `gmt_create` datetime DEFAULT NULL,
  `gmt_modified` datetime DEFAULT NULL,
  PRIMARY KEY (`id`,`goods_id`) USING BTREE
) ENGINE=InnoDB AUTO_INCREMENT=7 DEFAULT CHARSET=utf8mb4 COLLATE=utf8mb4_0900_ai_ci ROW_FORMAT=DYNAMIC;

-- ----------------------------
-- Records of flea_banner
-- ----------------------------
INSERT INTO `flea_banner` VALUES ('1', '1', '1', '2024-03-24 16:20:46', '2024-03-24 23:18:57');
INSERT INTO `flea_banner` VALUES ('2', '13', '2', '2024-03-24 16:20:46', '2024-03-24 23:33:34');
INSERT INTO `flea_banner` VALUES ('3', '16', '3', '2024-03-24 16:20:46', '2024-03-24 23:35:49');
INSERT INTO `flea_banner` VALUES ('4', '4', '4', '2024-03-24 16:20:46', '2024-03-24 23:19:08');
INSERT INTO `flea_banner` VALUES ('5', '10', '5', '2024-03-24 16:20:46', '2024-03-24 23:34:19');
INSERT INTO `flea_banner` VALUES ('6', '14', '6', '2024-03-24 16:20:46', '2024-03-24 23:42:07');

-- ----------------------------
-- Table structure for flea_comment
-- ----------------------------
DROP TABLE IF EXISTS `flea_comment`;
CREATE TABLE `flea_comment` (
  `id` int NOT NULL AUTO_INCREMENT,
  `seller_id` varchar(255) CHARACTER SET utf8mb4 COLLATE utf8mb4_0900_ai_ci DEFAULT NULL,
  `member_id` varchar(255) CHARACTER SET utf8mb4 COLLATE utf8mb4_0900_ai_ci DEFAULT NULL,
  `goods_id` int DEFAULT NULL,
  `nickname` varchar(255) CHARACTER SET utf8mb4 COLLATE utf8mb4_0900_ai_ci DEFAULT NULL,
  `avatar` varchar(255) CHARACTER SET utf8mb4 COLLATE utf8mb4_0900_ai_ci DEFAULT NULL,
  `content` text CHARACTER SET utf8mb4 COLLATE utf8mb4_0900_ai_ci,
  `gmt_create` datetime DEFAULT CURRENT_TIMESTAMP,
  `gmt_modified` datetime DEFAULT CURRENT_TIMESTAMP,
  PRIMARY KEY (`id`) USING BTREE
) ENGINE=InnoDB AUTO_INCREMENT=8 DEFAULT CHARSET=utf8mb4 COLLATE=utf8mb4_0900_ai_ci ROW_FORMAT=DYNAMIC;

-- ----------------------------
-- Records of flea_comment
-- ----------------------------
INSERT INTO `flea_comment` VALUES ('2', '1080736474267144193', '1767474458358050818', '1', '王慕霸', 'http://localhost:9528/src/static/img/userAvatar/海绵宝宝.jpeg', '一般般', '2024-03-28 16:34:44', '2024-03-28 16:34:44');
INSERT INTO `flea_comment` VALUES ('3', '1080736474267144193', '1767474458358050818', '1', '王慕霸', 'http://localhost:9528/src/static/img/userAvatar/海绵宝宝.jpeg', '卖主能否线下交易', '2024-03-28 16:40:02', '2024-03-28 16:40:02');
INSERT INTO `flea_comment` VALUES ('4', '1080736474267144193', '1767474458358050818', '1', '王慕霸', 'http://localhost:9528/src/static/img/userAvatar/海绵宝宝.jpeg', '就在D6宿舍交易', '2024-03-28 16:40:20', '2024-03-28 16:40:20');
INSERT INTO `flea_comment` VALUES ('5', '1080736474267144193', '1767474458358050818', '1', '王慕霸', 'http://localhost:9528/src/static/img/userAvatar/海绵宝宝.jpeg', '能否再便宜一些', '2024-03-28 16:40:33', '2024-03-28 16:40:33');
INSERT INTO `flea_comment` VALUES ('6', '1080736474267144193', '1767474458358050818', '1', '王慕霸', 'http://localhost:9528/src/static/img/userAvatar/海绵宝宝.jpeg', '你好', '2024-03-28 16:40:38', '2024-03-28 16:40:38');
INSERT INTO `flea_comment` VALUES ('7', '1767474458358050818', '1767474458358050818', '36', '王慕霸', 'http://localhost:9528/src/static/img/userAvatar/海绵宝宝.jpeg', '可小刀', '2024-03-28 16:45:03', '2024-03-28 16:45:03');

-- ----------------------------
-- Table structure for flea_goods
-- ----------------------------
DROP TABLE IF EXISTS `flea_goods`;
CREATE TABLE `flea_goods` (
  `id` int NOT NULL AUTO_INCREMENT,
  `price` decimal(10,2) DEFAULT NULL,
  `product_name` varchar(255) CHARACTER SET utf8mb4 COLLATE utf8mb4_0900_ai_ci DEFAULT NULL,
  `category` varchar(255) CHARACTER SET utf8mb4 COLLATE utf8mb4_0900_ai_ci DEFAULT NULL,
  `description` text CHARACTER SET utf8mb4 COLLATE utf8mb4_0900_ai_ci,
  `cover` varchar(255) CHARACTER SET utf8mb4 COLLATE utf8mb4_0900_ai_ci DEFAULT NULL,
  `transaction_method` varchar(255) CHARACTER SET utf8mb4 COLLATE utf8mb4_0900_ai_ci DEFAULT NULL,
  `status` tinyint DEFAULT NULL,
  `seller_id` varchar(255) CHARACTER SET utf8mb4 COLLATE utf8mb4_0900_ai_ci DEFAULT NULL,
  `gmt_create` datetime DEFAULT NULL,
  `gmt_modified` datetime DEFAULT NULL,
  PRIMARY KEY (`id`) USING BTREE
) ENGINE=InnoDB AUTO_INCREMENT=71 DEFAULT CHARSET=utf8mb4 COLLATE=utf8mb4_0900_ai_ci ROW_FORMAT=DYNAMIC;

-- ----------------------------
-- Records of flea_goods
-- ----------------------------
INSERT INTO `flea_goods` VALUES ('1', '5000.00', 'iPhone 11', '数码产品', '<p>64G 黑色 iPhone 11，全新未拆封</p>', 'http://localhost:9528/src/static/img/flea/iPhone 11.jpg', '校内交易', '1', '1080736474267144193', '2024-03-24 16:20:46', '2024-03-31 23:08:53');
INSERT INTO `flea_goods` VALUES ('2', '300.00', '篮球', '体育用品', '<p>全新篮球，可室内室外使用</p>', 'http://localhost:9528/src/static/img/flea/basketball.jpg', '校内交易', '1', '1080736474355224577', '2024-03-24 16:20:46', '2024-03-24 22:54:08');
INSERT INTO `flea_goods` VALUES ('3', '50.00', '《JavaScript高级编程》', '书籍报刊', '<p>JavaScript编程领域的经典著作</p>', 'http://localhost:9528/src/static/img/flea/JavaScript高级编程.jpeg', '校内交易', '1', '1086387099449442306', '2024-03-24 16:20:46', '2024-03-24 22:55:05');
INSERT INTO `flea_goods` VALUES ('4', '4150.00', 'MacBook Air', '数码产品', '<p>2019款，13英寸，256G SSD，全新未使用</p>', 'http://localhost:9528/src/static/img/flea/MacBook Air.jpeg', '校内交易', '1', '1086387099520745473', '2024-03-24 16:20:46', '2024-03-24 22:58:50');
INSERT INTO `flea_goods` VALUES ('5', '80.00', '网球拍', '体育用品', '<p>Wilson 网球拍，全新未使用</p>', 'http://localhost:9528/src/static/img/flea/网球拍.jpeg', '校内交易', '0', '1086387099608825858', '2024-03-24 16:20:46', '2024-03-30 19:18:20');
INSERT INTO `flea_goods` VALUES ('6', '20.00', '《Python基础教程》', '书籍报刊', '<p>Python编程入门教程，适合初学者</p>', 'http://localhost:9528/src/static/img/flea/Python基础教程.jpg', '校内交易', '1', '1086387099701100545', '2024-03-24 16:20:46', '2024-03-24 22:57:54');
INSERT INTO `flea_goods` VALUES ('7', '2000.00', 'iPad mini', '数码产品', '<p>64G WiFi版，银色，全新未开封</p>', 'http://localhost:9528/src/static/img/flea/iPad mini.jpg', '校内交易', '1', '1086387099776598018', '2024-03-24 16:20:46', '2024-03-24 22:58:34');
INSERT INTO `flea_goods` VALUES ('8', '60.00', '羽毛球拍', '体育用品', '<p>全新羽毛球拍，适合初学者</p>', 'http://localhost:9528/src/static/img/flea/羽毛球拍.jpg', '校内交易', '1', '1086387099852095490', '2024-03-24 16:20:46', '2024-03-24 22:59:43');
INSERT INTO `flea_goods` VALUES ('9', '30.00', '《数据库系统概念》', '书籍报刊', '<p>计算机专业经典教材，适合数据库课程学习</p>', 'http://localhost:9528/src/static/img/flea/databaseBook.jpg', '校内交易', '1', '1191600824445046786', '2024-03-24 16:20:46', '2024-03-24 23:00:41');
INSERT INTO `flea_goods` VALUES ('10', '400.00', 'Apple Watch Series 6', '数码产品', '<p>44mm，GPS版，深空灰色，全新未开封</p>', 'http://localhost:9528/src/static/img/flea/Apple Watch Series 6.jpeg', '校内交易', '1', '1191616288114163713', '2024-03-24 16:20:46', '2024-03-24 23:04:59');
INSERT INTO `flea_goods` VALUES ('11', '40.00', '足球', '体育用品', '<p>尺寸5足球，全新未使用</p>', 'http://localhost:9528/src/static/img/flea/football.jpg', '校内交易', '1', '1195187659054329857', '2024-03-24 16:20:46', '2024-03-24 23:05:41');
INSERT INTO `flea_goods` VALUES ('12', '25.00', '《Java编程思想》', '书籍报刊', '<p>Java编程领域的经典著作</p>', 'http://localhost:9528/src/static/img/flea/Java编程思想.jpg', '校内交易', '1', '1767474458358050818', '2024-03-24 16:20:46', '2024-03-30 22:00:01');
INSERT INTO `flea_goods` VALUES ('13', '300.00', 'AirPods Pro', '数码产品', '<p>降噪无线耳机，全新未拆封</p>', 'http://localhost:9528/src/static/img/flea/AirPods Pro.jpeg', '校内交易', '1', '1086387099701100545', '2024-03-24 16:20:46', '2024-03-24 23:09:23');
INSERT INTO `flea_goods` VALUES ('14', '70.00', '乒乓球拍', '体育用品', '<p>全新乒乓球拍，适合休闲娱乐</p>', 'http://localhost:9528/src/static/img/flea/pingpong.jpeg', '校内交易', '1', '1086387099776598018', '2024-03-24 16:20:46', '2024-03-24 23:12:05');
INSERT INTO `flea_goods` VALUES ('15', '15.00', '《C++ Primer》', '书籍报刊', '<p>C++编程入门经典教材</p>', 'http://localhost:9528/src/static/img/flea/C++ Primer.jpg', '校内交易', '1', '1086387099852095490', '2024-03-24 16:20:46', '2024-03-24 23:16:58');
INSERT INTO `flea_goods` VALUES ('16', '1100.00', 'Kindle Paperwhite', '数码产品', '<p>8GB，阅读器，全新未使用</p>', 'http://localhost:9528/src/static/img/flea/Kindle Paperwhite.jpeg', '校内交易', '1', '1086387099520745473', '2024-03-24 16:20:46', '2024-03-25 18:22:25');
INSERT INTO `flea_goods` VALUES ('23', '20.00', '热水壶', '其他二手', '<p>买了只使用了半年，烧热水很快，容易清洗</p>', 'http://localhost:9528/src/static/img/flea/奥克斯.jpg', '线下', '1', '1086387099608825858', '2024-03-25 15:51:11', '2024-03-25 15:51:11');
INSERT INTO `flea_goods` VALUES ('24', '300.00', '书架', '其他二手', '<p>用了三年，保存很好，可以放很多书</p>', 'http://localhost:9528/src/static/img/flea/书架.jpeg', '校内交易', '1', '1086387099701100545', '2024-03-25 15:52:29', '2024-03-25 15:52:29');
INSERT INTO `flea_goods` VALUES ('25', '80.00', '滑板', '其他二手', '<p>使用了半年，保存完成，轮子还很新，适合新手使用</p>', 'http://localhost:9528/src/static/img/flea/滑板.jpg', '校内交易', '1', '1086387099776598018', '2024-03-25 15:54:05', '2024-03-25 15:54:05');
INSERT INTO `flea_goods` VALUES ('32', '400.00', '鸣人手办', '其他二手', '手办99999新', 'http://localhost:9528/src/static/img/flea/鸣人.jpg', '校内交易', '1', '1', '2024-03-26 19:13:13', '2024-04-01 01:04:35');
INSERT INTO `flea_goods` VALUES ('36', '666.00', '鼠标器灵', '数码产品', 'bug专属', 'http://localhost:9528/src/static/img/flea/bug.jpg', '线上', '1', '1767474458358050818', '2024-03-26 20:34:56', '2024-04-03 14:33:58');

-- ----------------------------
-- Table structure for part_time_info
-- ----------------------------
DROP TABLE IF EXISTS `part_time_info`;
CREATE TABLE `part_time_info` (
  `id` int NOT NULL AUTO_INCREMENT,
  `type` varchar(255) CHARACTER SET utf8mb4 COLLATE utf8mb4_0900_ai_ci DEFAULT NULL,
  `description` text CHARACTER SET utf8mb4 COLLATE utf8mb4_0900_ai_ci,
  `requirement` text CHARACTER SET utf8mb4 COLLATE utf8mb4_0900_ai_ci,
  `salary` decimal(10,2) DEFAULT NULL,
  `contact_info` varchar(255) CHARACTER SET utf8mb4 COLLATE utf8mb4_0900_ai_ci DEFAULT NULL,
  `workplace` varchar(255) CHARACTER SET utf8mb4 COLLATE utf8mb4_0900_ai_ci DEFAULT NULL,
  `hr_name` varchar(255) CHARACTER SET utf8mb4 COLLATE utf8mb4_0900_ai_ci DEFAULT NULL,
  `cover` varchar(255) CHARACTER SET utf8mb4 COLLATE utf8mb4_0900_ai_ci NOT NULL,
  `work_time` varchar(255) CHARACTER SET utf8mb4 COLLATE utf8mb4_0900_ai_ci DEFAULT NULL,
  `gmt_create` datetime NOT NULL DEFAULT CURRENT_TIMESTAMP,
  `gmt_modified` datetime NOT NULL DEFAULT CURRENT_TIMESTAMP ON UPDATE CURRENT_TIMESTAMP,
  PRIMARY KEY (`id`) USING BTREE
) ENGINE=InnoDB AUTO_INCREMENT=31 DEFAULT CHARSET=utf8mb4 COLLATE=utf8mb4_0900_ai_ci ROW_FORMAT=DYNAMIC;

-- ----------------------------
-- Records of part_time_info
-- ----------------------------
INSERT INTO `part_time_info` VALUES ('1', '问卷调查', '我们需要一些大学生帮助我们完成一份问卷调查。', '1. 必须是大学生。2. 认真完成问卷。', '50.00', '1234567890', '学校附近', '张三', 'http://localhost:9528/src/static/img/recruit/parttime/wenjuandiaocha.jpg', '周六晚上19点', '2024-03-12 14:43:21', '2024-03-19 19:27:47');
INSERT INTO `part_time_info` VALUES ('2', '发传单', '我们需要一些人在商业区发放传单。', '1. 工作认真。2. 服从安排。', '80.00', '1234567891', '商业区', '李四', 'http://localhost:9528/src/static/img/recruit/parttime/fachuandan.jpg', '周六中午19点', '2024-03-12 14:43:21', '2024-03-19 19:27:55');
INSERT INTO `part_time_info` VALUES ('3', '餐厅兼职', '我们需要一些人在餐厅做兼职。', '1. 工作认真。2. 服从安排。', '100.00', '1234567892', '餐厅', '王五', 'http://localhost:9528/src/static/img/recruit/parttime/kfc.jpeg', '周六晚上19点', '2024-03-12 14:43:21', '2024-03-19 19:27:57');
INSERT INTO `part_time_info` VALUES ('4', '家教', '我们需要一些大学生帮助我们孩子补习功课。', '1. 必须是大学生。2. 认真教学。', '120.00', '1234567893', '家里', '赵六', 'http://localhost:9528/src/static/img/recruit/parttime/jiajiao.jpeg', '周六晚上19点', '2024-03-12 14:43:21', '2024-03-19 19:28:00');
INSERT INTO `part_time_info` VALUES ('5', '翻译', '我们需要一些英语翻译。', '1. 英语流利。2. 认真工作。', '150.00', '1234567894', '办公室', '孙七', 'http://localhost:9528/src/static/img/recruit/parttime/fanyi.jpeg', '周六晚上19点', '2024-03-12 14:43:21', '2024-03-19 19:28:06');
INSERT INTO `part_time_info` VALUES ('6', '市场调查', '我们需要一些人帮助我们完成市场调查。', '1. 工作认真。2. 服从安排。', '90.00', '1234567895', '商业区', '周八', 'http://localhost:9528/src/static/img/recruit/parttime/shichang.jpg', '周六晚上19点', '2024-03-12 14:43:21', '2024-03-19 19:28:11');
INSERT INTO `part_time_info` VALUES ('7', '产品推广', '我们需要一些人在商业区推广我们的产品。', '1. 工作认真。2. 服从安排。', '110.00', '1234567896', '商业区', '吴九', 'http://localhost:9528/src/static/img/recruit/parttime/tuiguang.jpeg', '周六晚上19点', '2024-03-12 14:43:21', '2024-03-19 19:28:14');
INSERT INTO `part_time_info` VALUES ('8', '活动协助', '我们需要一些人在活动现场协助。', '1. 工作认真。2. 服从安排。', '70.00', '1234567897', '活动现场', '郑十', 'http://localhost:9528/src/static/img/recruit/parttime/huodong.jpg', '周六晚上19点', '2024-03-12 14:43:21', '2024-03-19 19:28:17');
INSERT INTO `part_time_info` VALUES ('23', '产品推广', '', '', null, '', '', '', 'http://localhost:9528/src/static/img/recruit/parttime/deafualt.jpg', '', '2024-03-17 00:45:47', '2024-03-19 19:28:21');
INSERT INTO `part_time_info` VALUES ('24', '产品推广', '', '', null, '', '', '', 'http://localhost:9528/src/static/img/recruit/parttime/deafualt.jpg', '', '2024-03-17 00:46:16', '2024-03-19 19:28:25');
INSERT INTO `part_time_info` VALUES ('26', null, '<p>富文本测试</p>', null, null, null, null, null, 'http://localhost:9528/src/static/img/recruit/parttime/deafualt.jpg', null, '2024-03-18 23:25:36', '2024-03-19 19:28:28');

-- ----------------------------
-- Table structure for recruitment
-- ----------------------------
DROP TABLE IF EXISTS `recruitment`;
CREATE TABLE `recruitment` (
  `id` int NOT NULL AUTO_INCREMENT,
  `company_name` varchar(255) CHARACTER SET utf8mb4 COLLATE utf8mb4_0900_ai_ci DEFAULT NULL,
  `position_name` varchar(255) CHARACTER SET utf8mb4 COLLATE utf8mb4_0900_ai_ci DEFAULT NULL,
  `salary` varchar(255) CHARACTER SET utf8mb4 COLLATE utf8mb4_0900_ai_ci DEFAULT NULL,
  `location` varchar(255) CHARACTER SET utf8mb4 COLLATE utf8mb4_0900_ai_ci DEFAULT NULL,
  `experience` varchar(255) CHARACTER SET utf8mb4 COLLATE utf8mb4_0900_ai_ci DEFAULT NULL,
  `education` varchar(255) CHARACTER SET utf8mb4 COLLATE utf8mb4_0900_ai_ci DEFAULT NULL,
  `description` text CHARACTER SET utf8mb4 COLLATE utf8mb4_0900_ai_ci,
  `status` varchar(255) CHARACTER SET utf8mb4 COLLATE utf8mb4_0900_ai_ci DEFAULT NULL,
  `company_logo` varchar(255) CHARACTER SET utf8mb4 COLLATE utf8mb4_0900_ai_ci DEFAULT NULL,
  `company_id` int DEFAULT NULL,
  `gmt_create` datetime DEFAULT NULL,
  `gmt_modified` datetime DEFAULT NULL,
  PRIMARY KEY (`id`) USING BTREE
) ENGINE=InnoDB AUTO_INCREMENT=72 DEFAULT CHARSET=utf8mb4 COLLATE=utf8mb4_0900_ai_ci ROW_FORMAT=DYNAMIC;

-- ----------------------------
-- Records of recruitment
-- ----------------------------
INSERT INTO `recruitment` VALUES ('1', '中国工商银行浙江分行', '前端开发', '10k-20k', '北京', '1年', '本科', '<p>1、熟练掌握HTML5、CSS3、JavaScript等前端技术，了解Web语义化，熟悉W3C标准；<br />2、熟练使用Vue.js、React.js、Angular.js等前端框架，并了解其原理和最佳实践；<br />3、熟练使用Ajax、Fetch等HTTP请求库，了解前后端分离的原理和实现方式；<br />4、熟练使用Webpack、Gulp等构建工具，了解模块化、组件化的开发方式；<br />5、了解移动端开发，能解决不同设备上的兼容性问题；<br />6、了解UI/UX设计，能与设计师协作完成产品设计；<br />7、具备良好的编程能力和代码风格，能编写可维护的代码；<br />8、具备良好的沟通和团队协作能力，能与后端开发、产品经理等角色协作完成项目；</p>\n<p>&nbsp;</p>', '1', 'http://localhost:9528/src/static/img/recruit/recruitment/工行.jpg', '1', '2024-03-12 14:43:21', '2024-03-21 16:53:36');
INSERT INTO `recruitment` VALUES ('2', '米哈游天命有限公司', '后端开发', '15k-30k', '上海', '2年', '硕士', '<p>1、HTML5：HTML5是当代网页开发的基础，它提供了许多新的特性，如媒体元素、Canvas绘图、本地存储等，使得开发者可以构建更复杂、更丰富的网页应用。<br />2、CSS3：CSS3是CSS技术的升级版，它提供了许多新的特性，如选择器、伪类、动画等，使得开发者可以更好地控制网页的外观和风格。<br />3、JavaScript：JavaScript是一种广泛使用的脚本语言，它可以在网页上实现动态效果和交互功能。前端开发人员需要掌握JavaScript的基础知识，如变量、条件语句、循环语句、函数等。<br />4、Vue.js：Vue.js是一个流行的JavaScript框架，它提供了一种简洁的语法来构建网页界面。前端开发人员可以使用Vue.js来构建可重用的组件，提高开发效率。<br />5、React.js：React.js是一个流行的JavaScript库，用于构建复杂的用户界面。它采用组件化的思想，使得开发者可以轻松地维护和扩展应用。</p>', '1', 'http://localhost:9528/src/static/img/recruit/recruitment/mihoyo.jpg', '2', '2024-03-12 14:43:21', '2024-03-21 01:01:42');
INSERT INTO `recruitment` VALUES ('3', '汉高', 'DBA', '20k-40k', '深圳', '3年', '本科', '<p>1、数据库管理：熟练掌握数据库管理技能，包括数据库备份和恢复、性能优化、安全防护等。<br />2、数据库设计：了解数据库设计原则，能够根据业务需求设计合理的数据库结构。<br />3、SQL编程：熟练掌握SQL语言，能够编写复杂SQL语句进行数据查询和操作。<br />4、数据库性能优化：了解数据库性能优化方法，能够对数据库进行调优，提高系统性能。<br />5、数据迁移与集成：了解数据迁移与集成技术，能够进行不同数据库之间的数据迁移。<br />6、数据安全：了解数据安全防护方法，能够保障数据库数据的安全性。<br />7、故障排除：能够快速定位并解决数据库故障，确保数据库的正常运行。<br />8、团队协作：具备良好的团队协作能力，能够与团队成员协同工作，完成任务。<br />9、自主学习：具备自主学习的能力，能够不断学习新知识，提高个人技能。<br />10、沟通与表达能力：具备良好的沟通与表达能力，能够与上级和同事进行有效沟通，表达自己的意见和想法。</p>', '1', 'http://localhost:9528/src/static/img/recruit/recruitment/汉高标准logo.jpg', '3', '2024-03-12 14:43:21', '2024-03-21 16:54:36');
INSERT INTO `recruitment` VALUES ('4', '海天', 'java开发工程师', '8k-15k', '北京', '1年', '本科', '<p>职位要求：<br />1. 计算机或相关专业本科及以上学历，具备1-3年Java开发经验；<br />2. 熟练掌握Java语言，熟悉JavaScript、HTML、CSS等前端技术；<br />3. 熟悉常用的Java开源框架，如Spring、MyBatis、Struts等，了解其原理和最佳实践；<br />4. 熟悉关系型数据库，如MySQL、Oracle等，了解SQL语言；<br />5. 了解Linux操作系统，能够进行简单的Linux命令操作；<br />6. 具备良好的编程能力和代码风格，能编写可读性高的代码；<br />7. 具备良好的沟通和团队协作能力，能与产品经理、UI设计师、后端开发等角色协作完成项目；<br />8. 关注Java技术的发展，持续学习新知识，能将新知识应用到项目中。</p>\n<p>优先考虑：<br />1. 有Java项目开发经验者优先；<br />2. 具备Java架构设计经验者优先；<br />3. 具备分布式系统开发经验者优先；<br />4. 具备开源项目贡献经验者优先。</p>', '1', 'http://localhost:9528/src/static/img/recruit/recruitment/海天.jpg', '4', '2024-03-12 14:43:21', '2024-03-21 16:56:33');
INSERT INTO `recruitment` VALUES ('5', '天津力神电池股份有限公司', 'python开发工程师', '10k-20k', '上海', '1年', '本科', '<p>职位要求：<br />1. 计算机或相关专业本科及以上学历，具备1-3年Python开发经验；<br />2. 熟练掌握Python语言，熟悉JavaScript、HTML、CSS等前端技术；<br />3. 熟悉常用的Python开源框架，如Django、Flask、Tornado等，了解其原理和最佳实践；<br />4. 熟悉关系型数据库，如MySQL、Oracle等，了解SQL语言；<br />5. 了解Linux操作系统，能够进行简单的Linux命令操作；<br />6. 具备良好的编程能力和代码风格，能编写可读性高的代码；<br />7. 具备良好的沟通和团队协作能力，能与产品经理、UI设计师、后端开发等角色协作完成项目；<br />8. 关注Python技术的发展，持续学习新知识，能将新知识应用到项目中。</p>\n<p>优先考虑：<br />1. 有Python项目开发经验者优先；<br />2. 具备Python架构设计经验者优先；<br />3. 具备分布式系统开发经验者优先；<br />4. 具备开源项目贡献经验者优先。</p>', '1', 'http://localhost:9528/src/static/img/recruit/recruitment/1710849636545.jpg', '5', '2024-03-12 14:43:21', '2024-03-21 16:57:22');
INSERT INTO `recruitment` VALUES ('6', '华勒有限公司', '测试', '12k-24k', '深圳', '2年', '本科', '<p>职位要求：<br />1. 计算机或相关专业本科及以上学历，具备1-3年测试经验；<br />2. 熟练掌握测试工具和测试方法，如JUnit、TestNG、Postman等；<br />3. 熟悉常用的测试策略，如黑盒测试、白盒测试、兼容性测试等；<br />4. 了解Linux操作系统，能够进行简单的Linux命令操作；<br />5. 具备良好的编程能力和代码风格，能编写可读性高的测试用例；<br />6. 具备良好的沟通和团队协作能力，能与开发人员、产品经理等角色协作完成项目；<br />7. 关注测试技术的发展，持续学习新知识，能将新知识应用到测试中。</p>\n<p>优先考虑：<br />1. 有测试项目经验者优先；<br />2. 具备自动化测试经验者优先；<br />3. 具备性能测试经验者优先；<br />4. 具备测试工具开发经验者优先。</p>', '1', 'http://localhost:9528/src/static/img/recruit/recruitment/华勤230-145.jpg', '6', '2024-03-12 14:43:21', '2024-03-27 02:40:07');
INSERT INTO `recruitment` VALUES ('7', '中国建设银行北京分行', '产品经理', '15k-30k', '北京', '3年', '本科', '<p>职位要求：<br />1. 本科及以上学历，具备1-3年产品经理经验；<br />2. 熟练掌握产品设计工具，如Axure、Sketch、墨刀等；<br />3. 熟悉产品生命周期，了解用户需求分析、产品设计、项目推进等产品经理日常工作；<br />4. 了解Linux操作系统，能够进行简单的Linux命令操作；<br />5. 具备良好的沟通和团队协作能力，能与开发人员、测试人员、设计师等角色协作完成项目；<br />6. 关注产品经理的发展，持续学习新知识，能将新知识应用到项目中。</p>\n<p>优先考虑：<br />1. 有产品项目经验者优先；<br />2. 具备产品设计经验者优先；<br />3. 具备项目推进经验者优先；<br />4. 具备用户研究经验者优先。</p>', '1', 'http://localhost:9528/src/static/img/recruit/recruitment/中国建设银行.jpg', '7', '2024-03-12 14:43:21', '2024-03-21 16:58:35');
INSERT INTO `recruitment` VALUES ('8', '黑龙江飞鹤乳业有限公司', '运维', '8k-15k', '上海', '1年', '大专', '<p>职位要求：<br />1. 计算机或相关专业本科及以上学历，具备1-3年运维经验；<br />2. 熟练掌握Linux操作系统，能够进行复杂的Linux命令操作；<br />3. 熟悉网络知识，如TCP/IP协议、路由交换等；<br />4. 熟悉常见缓存技术，如Redis、Memcached等；<br />5. 熟悉自动化运维工具，如Ansible、SaltStack等；<br />6. 具备良好的沟通和团队协作能力，能与开发人员、测试人员等角色协作完成项目；<br />7. 关注运维技术的发展，持续学习新知识，能将新知识应用到项目中。</p>\n<p>优先考虑：<br />1. 有Linux系统管理经验者优先；<br />2. 具备网络管理经验者优先；<br />3. 具备缓存技术经验者优先；<br />4. 具备自动化运维经验者优先。</p>', '1', 'http://localhost:9528/src/static/img/recruit/recruitment/230.jpg', '8', '2024-03-12 14:43:21', '2024-03-21 16:59:09');
INSERT INTO `recruitment` VALUES ('9', '公司I', '前端开发', '6k-12k', '深圳', '1年', '本科', '负责公司的人力资源管理和招聘', '1', 'http://localhost:9528/src/static/img/recruit/recruitment/shichang.jpg', '9', '2024-03-12 14:43:21', '2024-03-13 20:45:16');
INSERT INTO `recruitment` VALUES ('40', '中国工商银行浙江分行', '数据分析师', '15k-25k', '杭州', '2年', '硕士', '<ol style=\"border: 0px solid #e3e3e3; box-sizing: border-box; --tw-border-spacing-x: 0; --tw-border-spacing-y: 0; --tw-translate-x: 0; --tw-translate-y: 0; --tw-rotate: 0; --tw-skew-x: 0; --tw-skew-y: 0; --tw-scale-x: 1; --tw-scale-y: 1; --tw-scroll-snap-strictness: proximity; --tw-ring-offset-width: 0px; --tw-ring-offset-color: #fff; --tw-ring-color: rgba(69,89,164,.5); --tw-ring-offset-shadow: 0 0 transparent; --tw-ring-shadow: 0 0 transparent; --tw-shadow: 0 0 transparent; --tw-shadow-colored: 0 0 transparent; list-style: none; margin: 1.25em 0px; padding: 0px; counter-reset: list-number 0; display: flex; flex-direction: column; color: #0d0d0d; font-family: S&ouml;hne, ui-sans-serif, system-ui, -apple-system, \'Segoe UI\', Roboto, Ubuntu, Cantarell, \'Noto Sans\', sans-serif, \'Helvetica Neue\', Arial, \'Apple Color Emoji\', \'Segoe UI Emoji\', \'Segoe UI Symbol\', \'Noto Color Emoji\'; font-size: 16px; font-style: normal; font-variant-ligatures: normal; font-variant-caps: normal; font-weight: 400; letter-spacing: normal; orphans: 2; text-align: start; text-indent: 0px; text-transform: none; widows: 2; word-spacing: 0px; -webkit-text-stroke-width: 0px; white-space: pre-wrap; background-color: #ffffff; text-decoration-thickness: initial; text-decoration-style: initial; text-decoration-color: initial;\">\n<li style=\"border: 0px solid #e3e3e3; box-sizing: border-box; --tw-border-spacing-x: 0; --tw-border-spacing-y: 0; --tw-translate-x: 0; --tw-translate-y: 0; --tw-rotate: 0; --tw-skew-x: 0; --tw-skew-y: 0; --tw-scale-x: 1; --tw-scale-y: 1; --tw-scroll-snap-strictness: proximity; --tw-ring-offset-width: 0px; --tw-ring-offset-color: #fff; --tw-ring-color: rgba(69,89,164,.5); --tw-ring-offset-shadow: 0 0 transparent; --tw-ring-shadow: 0 0 transparent; --tw-shadow: 0 0 transparent; --tw-shadow-colored: 0 0 transparent; margin-bottom: 0px; margin-top: 0px; padding-left: 0.375em; counter-increment: list-number 1; display: block; min-height: 28px;\">\n<p style=\"border: 0px solid #e3e3e3; box-sizing: border-box; --tw-border-spacing-x: 0; --tw-border-spacing-y: 0; --tw-translate-x: 0; --tw-translate-y: 0; --tw-rotate: 0; --tw-skew-x: 0; --tw-skew-y: 0; --tw-scale-x: 1; --tw-scale-y: 1; --tw-scroll-snap-strictness: proximity; --tw-ring-offset-width: 0px; --tw-ring-offset-color: #fff; --tw-ring-color: rgba(69,89,164,.5); --tw-ring-offset-shadow: 0 0 transparent; --tw-ring-shadow: 0 0 transparent; --tw-shadow: 0 0 transparent; --tw-shadow-colored: 0 0 transparent; margin: 0px;\">数据分析能力：能够收集、整理、分析和解释大量数据，从中发现趋势、模式和见解。</p>\n</li>\n<li style=\"border: 0px solid #e3e3e3; box-sizing: border-box; --tw-border-spacing-x: 0; --tw-border-spacing-y: 0; --tw-translate-x: 0; --tw-translate-y: 0; --tw-rotate: 0; --tw-skew-x: 0; --tw-skew-y: 0; --tw-scale-x: 1; --tw-scale-y: 1; --tw-scroll-snap-strictness: proximity; --tw-ring-offset-width: 0px; --tw-ring-offset-color: #fff; --tw-ring-color: rgba(69,89,164,.5); --tw-ring-offset-shadow: 0 0 transparent; --tw-ring-shadow: 0 0 transparent; --tw-shadow: 0 0 transparent; --tw-shadow-colored: 0 0 transparent; margin-bottom: 0px; margin-top: 0px; padding-left: 0.375em; counter-increment: list-number 1; display: block; min-height: 28px;\">\n<p style=\"border: 0px solid #e3e3e3; box-sizing: border-box; --tw-border-spacing-x: 0; --tw-border-spacing-y: 0; --tw-translate-x: 0; --tw-translate-y: 0; --tw-rotate: 0; --tw-skew-x: 0; --tw-skew-y: 0; --tw-scale-x: 1; --tw-scale-y: 1; --tw-scroll-snap-strictness: proximity; --tw-ring-offset-width: 0px; --tw-ring-offset-color: #fff; --tw-ring-color: rgba(69,89,164,.5); --tw-ring-offset-shadow: 0 0 transparent; --tw-ring-shadow: 0 0 transparent; --tw-shadow: 0 0 transparent; --tw-shadow-colored: 0 0 transparent; margin: 0px;\">数据处理工具：熟练使用数据处理工具和软件，例如SQL、Python、R、Excel等，以及数据可视化工具如Tableau、Power BI等。</p>\n</li>\n<li style=\"border: 0px solid #e3e3e3; box-sizing: border-box; --tw-border-spacing-x: 0; --tw-border-spacing-y: 0; --tw-translate-x: 0; --tw-translate-y: 0; --tw-rotate: 0; --tw-skew-x: 0; --tw-skew-y: 0; --tw-scale-x: 1; --tw-scale-y: 1; --tw-scroll-snap-strictness: proximity; --tw-ring-offset-width: 0px; --tw-ring-offset-color: #fff; --tw-ring-color: rgba(69,89,164,.5); --tw-ring-offset-shadow: 0 0 transparent; --tw-ring-shadow: 0 0 transparent; --tw-shadow: 0 0 transparent; --tw-shadow-colored: 0 0 transparent; margin-bottom: 0px; margin-top: 0px; padding-left: 0.375em; counter-increment: list-number 1; display: block; min-height: 28px;\">\n<p style=\"border: 0px solid #e3e3e3; box-sizing: border-box; --tw-border-spacing-x: 0; --tw-border-spacing-y: 0; --tw-translate-x: 0; --tw-translate-y: 0; --tw-rotate: 0; --tw-skew-x: 0; --tw-skew-y: 0; --tw-scale-x: 1; --tw-scale-y: 1; --tw-scroll-snap-strictness: proximity; --tw-ring-offset-width: 0px; --tw-ring-offset-color: #fff; --tw-ring-color: rgba(69,89,164,.5); --tw-ring-offset-shadow: 0 0 transparent; --tw-ring-shadow: 0 0 transparent; --tw-shadow: 0 0 transparent; --tw-shadow-colored: 0 0 transparent; margin: 0px;\">数据挖掘和统计学知识：了解数据挖掘技术和统计学原理，包括回归分析、聚类分析、决策树等。</p>\n</li>\n<li style=\"border: 0px solid #e3e3e3; box-sizing: border-box; --tw-border-spacing-x: 0; --tw-border-spacing-y: 0; --tw-translate-x: 0; --tw-translate-y: 0; --tw-rotate: 0; --tw-skew-x: 0; --tw-skew-y: 0; --tw-scale-x: 1; --tw-scale-y: 1; --tw-scroll-snap-strictness: proximity; --tw-ring-offset-width: 0px; --tw-ring-offset-color: #fff; --tw-ring-color: rgba(69,89,164,.5); --tw-ring-offset-shadow: 0 0 transparent; --tw-ring-shadow: 0 0 transparent; --tw-shadow: 0 0 transparent; --tw-shadow-colored: 0 0 transparent; margin-bottom: 0px; margin-top: 0px; padding-left: 0.375em; counter-increment: list-number 1; display: block; min-height: 28px;\">\n<p style=\"border: 0px solid #e3e3e3; box-sizing: border-box; --tw-border-spacing-x: 0; --tw-border-spacing-y: 0; --tw-translate-x: 0; --tw-translate-y: 0; --tw-rotate: 0; --tw-skew-x: 0; --tw-skew-y: 0; --tw-scale-x: 1; --tw-scale-y: 1; --tw-scroll-snap-strictness: proximity; --tw-ring-offset-width: 0px; --tw-ring-offset-color: #fff; --tw-ring-color: rgba(69,89,164,.5); --tw-ring-offset-shadow: 0 0 transparent; --tw-ring-shadow: 0 0 transparent; --tw-shadow: 0 0 transparent; --tw-shadow-colored: 0 0 transparent; margin: 0px;\">数据清洗和预处理：具备数据清洗和预处理的能力，能够处理缺失值、异常值、重复值等，并进行数据格式转换和标准化。</p>\n</li>\n<li style=\"border: 0px solid #e3e3e3; box-sizing: border-box; --tw-border-spacing-x: 0; --tw-border-spacing-y: 0; --tw-translate-x: 0; --tw-translate-y: 0; --tw-rotate: 0; --tw-skew-x: 0; --tw-skew-y: 0; --tw-scale-x: 1; --tw-scale-y: 1; --tw-scroll-snap-strictness: proximity; --tw-ring-offset-width: 0px; --tw-ring-offset-color: #fff; --tw-ring-color: rgba(69,89,164,.5); --tw-ring-offset-shadow: 0 0 transparent; --tw-ring-shadow: 0 0 transparent; --tw-shadow: 0 0 transparent; --tw-shadow-colored: 0 0 transparent; margin-bottom: 0px; margin-top: 0px; padding-left: 0.375em; counter-increment: list-number 1; display: block; min-height: 28px;\">\n<p style=\"border: 0px solid #e3e3e3; box-sizing: border-box; --tw-border-spacing-x: 0; --tw-border-spacing-y: 0; --tw-translate-x: 0; --tw-translate-y: 0; --tw-rotate: 0; --tw-skew-x: 0; --tw-skew-y: 0; --tw-scale-x: 1; --tw-scale-y: 1; --tw-scroll-snap-strictness: proximity; --tw-ring-offset-width: 0px; --tw-ring-offset-color: #fff; --tw-ring-color: rgba(69,89,164,.5); --tw-ring-offset-shadow: 0 0 transparent; --tw-ring-shadow: 0 0 transparent; --tw-shadow: 0 0 transparent; --tw-shadow-colored: 0 0 transparent; margin: 0px;\">数据建模和分析：能够建立数据模型，进行预测分析、分类分析、关联分析等，以支持业务决策。</p>\n</li>\n<li style=\"border: 0px solid #e3e3e3; box-sizing: border-box; --tw-border-spacing-x: 0; --tw-border-spacing-y: 0; --tw-translate-x: 0; --tw-translate-y: 0; --tw-rotate: 0; --tw-skew-x: 0; --tw-skew-y: 0; --tw-scale-x: 1; --tw-scale-y: 1; --tw-scroll-snap-strictness: proximity; --tw-ring-offset-width: 0px; --tw-ring-offset-color: #fff; --tw-ring-color: rgba(69,89,164,.5); --tw-ring-offset-shadow: 0 0 transparent; --tw-ring-shadow: 0 0 transparent; --tw-shadow: 0 0 transparent; --tw-shadow-colored: 0 0 transparent; margin-bottom: 0px; margin-top: 0px; padding-left: 0.375em; counter-increment: list-number 1; display: block; min-height: 28px;\">\n<p style=\"border: 0px solid #e3e3e3; box-sizing: border-box; --tw-border-spacing-x: 0; --tw-border-spacing-y: 0; --tw-translate-x: 0; --tw-translate-y: 0; --tw-rotate: 0; --tw-skew-x: 0; --tw-skew-y: 0; --tw-scale-x: 1; --tw-scale-y: 1; --tw-scroll-snap-strictness: proximity; --tw-ring-offset-width: 0px; --tw-ring-offset-color: #fff; --tw-ring-color: rgba(69,89,164,.5); --tw-ring-offset-shadow: 0 0 transparent; --tw-ring-shadow: 0 0 transparent; --tw-shadow: 0 0 transparent; --tw-shadow-colored: 0 0 transparent; margin: 0px;\">数据可视化：能够将分析结果以图表、图形等形式进行可视化展示，向非技术人员传达复杂数据分析结果。</p>\n</li>\n<li style=\"border: 0px solid #e3e3e3; box-sizing: border-box; --tw-border-spacing-x: 0; --tw-border-spacing-y: 0; --tw-translate-x: 0; --tw-translate-y: 0; --tw-rotate: 0; --tw-skew-x: 0; --tw-skew-y: 0; --tw-scale-x: 1; --tw-scale-y: 1; --tw-scroll-snap-strictness: proximity; --tw-ring-offset-width: 0px; --tw-ring-offset-color: #fff; --tw-ring-color: rgba(69,89,164,.5); --tw-ring-offset-shadow: 0 0 transparent; --tw-ring-shadow: 0 0 transparent; --tw-shadow: 0 0 transparent; --tw-shadow-colored: 0 0 transparent; margin-bottom: 0px; margin-top: 0px; padding-left: 0.375em; counter-increment: list-number 1; display: block; min-height: 28px;\">\n<p style=\"border: 0px solid #e3e3e3; box-sizing: border-box; --tw-border-spacing-x: 0; --tw-border-spacing-y: 0; --tw-translate-x: 0; --tw-translate-y: 0; --tw-rotate: 0; --tw-skew-x: 0; --tw-skew-y: 0; --tw-scale-x: 1; --tw-scale-y: 1; --tw-scroll-snap-strictness: proximity; --tw-ring-offset-width: 0px; --tw-ring-offset-color: #fff; --tw-ring-color: rgba(69,89,164,.5); --tw-ring-offset-shadow: 0 0 transparent; --tw-ring-shadow: 0 0 transparent; --tw-shadow: 0 0 transparent; --tw-shadow-colored: 0 0 transparent; margin: 0px;\">业务理解能力：理解业务需求和业务流程，能够将数据分析结果与业务问题相结合，提出有效的解决方案。</p>\n</li>\n<li style=\"border: 0px solid #e3e3e3; box-sizing: border-box; --tw-border-spacing-x: 0; --tw-border-spacing-y: 0; --tw-translate-x: 0; --tw-translate-y: 0; --tw-rotate: 0; --tw-skew-x: 0; --tw-skew-y: 0; --tw-scale-x: 1; --tw-scale-y: 1; --tw-scroll-snap-strictness: proximity; --tw-ring-offset-width: 0px; --tw-ring-offset-color: #fff; --tw-ring-color: rgba(69,89,164,.5); --tw-ring-offset-shadow: 0 0 transparent; --tw-ring-shadow: 0 0 transparent; --tw-shadow: 0 0 transparent; --tw-shadow-colored: 0 0 transparent; margin-bottom: 0px; margin-top: 0px; padding-left: 0.375em; counter-increment: list-number 1; display: block; min-height: 28px;\">\n<p style=\"border: 0px solid #e3e3e3; box-sizing: border-box; --tw-border-spacing-x: 0; --tw-border-spacing-y: 0; --tw-translate-x: 0; --tw-translate-y: 0; --tw-rotate: 0; --tw-skew-x: 0; --tw-skew-y: 0; --tw-scale-x: 1; --tw-scale-y: 1; --tw-scroll-snap-strictness: proximity; --tw-ring-offset-width: 0px; --tw-ring-offset-color: #fff; --tw-ring-color: rgba(69,89,164,.5); --tw-ring-offset-shadow: 0 0 transparent; --tw-ring-shadow: 0 0 transparent; --tw-shadow: 0 0 transparent; --tw-shadow-colored: 0 0 transparent; margin: 0px;\">沟通和表达能力：具备良好的沟通和表达能力，能够与团队成员和业务人员进行有效的沟通和协作。</p>\n</li>\n<li style=\"border: 0px solid #e3e3e3; box-sizing: border-box; --tw-border-spacing-x: 0; --tw-border-spacing-y: 0; --tw-translate-x: 0; --tw-translate-y: 0; --tw-rotate: 0; --tw-skew-x: 0; --tw-skew-y: 0; --tw-scale-x: 1; --tw-scale-y: 1; --tw-scroll-snap-strictness: proximity; --tw-ring-offset-width: 0px; --tw-ring-offset-color: #fff; --tw-ring-color: rgba(69,89,164,.5); --tw-ring-offset-shadow: 0 0 transparent; --tw-ring-shadow: 0 0 transparent; --tw-shadow: 0 0 transparent; --tw-shadow-colored: 0 0 transparent; margin-bottom: 0px; margin-top: 0px; padding-left: 0.375em; counter-increment: list-number 1; display: block; min-height: 28px;\">\n<p style=\"border: 0px solid #e3e3e3; box-sizing: border-box; --tw-border-spacing-x: 0; --tw-border-spacing-y: 0; --tw-translate-x: 0; --tw-translate-y: 0; --tw-rotate: 0; --tw-skew-x: 0; --tw-skew-y: 0; --tw-scale-x: 1; --tw-scale-y: 1; --tw-scroll-snap-strictness: proximity; --tw-ring-offset-width: 0px; --tw-ring-offset-color: #fff; --tw-ring-color: rgba(69,89,164,.5); --tw-ring-offset-shadow: 0 0 transparent; --tw-ring-shadow: 0 0 transparent; --tw-shadow: 0 0 transparent; --tw-shadow-colored: 0 0 transparent; margin: 0px;\">快速学习能力：数据分析领域发展迅速，需要具备快速学习新技术和工具的能力，保持持续学习的态度。</p>\n</li>\n<li style=\"border: 0px solid #e3e3e3; box-sizing: border-box; --tw-border-spacing-x: 0; --tw-border-spacing-y: 0; --tw-translate-x: 0; --tw-translate-y: 0; --tw-rotate: 0; --tw-skew-x: 0; --tw-skew-y: 0; --tw-scale-x: 1; --tw-scale-y: 1; --tw-scroll-snap-strictness: proximity; --tw-ring-offset-width: 0px; --tw-ring-offset-color: #fff; --tw-ring-color: rgba(69,89,164,.5); --tw-ring-offset-shadow: 0 0 transparent; --tw-ring-shadow: 0 0 transparent; --tw-shadow: 0 0 transparent; --tw-shadow-colored: 0 0 transparent; margin-bottom: 0px; margin-top: 0px; padding-left: 0.375em; counter-increment: list-number 1; display: block; min-height: 28px;\">\n<p style=\"border: 0px solid #e3e3e3; box-sizing: border-box; --tw-border-spacing-x: 0; --tw-border-spacing-y: 0; --tw-translate-x: 0; --tw-translate-y: 0; --tw-rotate: 0; --tw-skew-x: 0; --tw-skew-y: 0; --tw-scale-x: 1; --tw-scale-y: 1; --tw-scroll-snap-strictness: proximity; --tw-ring-offset-width: 0px; --tw-ring-offset-color: #fff; --tw-ring-color: rgba(69,89,164,.5); --tw-ring-offset-shadow: 0 0 transparent; --tw-ring-shadow: 0 0 transparent; --tw-shadow: 0 0 transparent; --tw-shadow-colored: 0 0 transparent; margin: 0px;\">团队合作精神：能够与团队成员协作，共同解决问题，实现团队目标。</p>\n</li>\n</ol>', '1', 'http://localhost:9528/src/static/img/recruit/recruitment/工行.jpg', '1', '2024-03-12 14:43:21', '2024-03-27 02:46:52');
INSERT INTO `recruitment` VALUES ('41', '中国工商银行浙江分行', '产品经理', '18k-30k', '上海', '3年', '本科', '<p>职位要求：<br />1. 本科及以上学历，具备1-3年产品经理经验；<br />2. 熟练掌握产品设计工具，如Axure、Sketch、墨刀等；<br />3. 熟悉产品生命周期，了解用户需求分析、产品设计、项目推进等产品经理日常工作；<br />4. 了解Linux操作系统，能够进行简单的Linux命令操作；<br />5. 具备良好的沟通和团队协作能力，能与开发人员、测试人员、设计师等角色协作完成项目；<br />6. 关注产品经理的发展，持续学习新知识，能将新知识应用到项目中。</p>\n<p>优先考虑：<br />1. 有产品项目经验者优先；<br />2. 具备产品设计经验者优先；<br />3. 具备项目推进经验者优先；<br />4. 具备用户研究经验者优先。</p>', '1', 'http://localhost:9528/src/static/img/recruit/recruitment/工行.jpg', '1', '2024-03-12 14:43:21', '2024-03-21 16:54:36');
INSERT INTO `recruitment` VALUES ('43', '米哈游天命有限公司', '游戏策划', '20k-40k', '上海', '3年', '本科', '<p>职位要求：<br />1. 本科及以上学历，具备1-3年产品经理经验；<br />2. 熟练掌握产品设计工具，如Axure、Sketch、墨刀等；<br />3. 熟悉产品生命周期，了解用户需求分析、产品设计、项目推进等产品经理日常工作；<br />4. 了解Linux操作系统，能够进行简单的Linux命令操作；<br />5. 具备良好的沟通和团队协作能力，能与开发人员、测试人员、设计师等角色协作完成项目；<br />6. 关注产品经理的发展，持续学习新知识，能将新知识应用到项目中。</p>\n<p>优先考虑：<br />1. 有产品项目经验者优先；<br />2. 具备产品设计经验者优先；<br />3. 具备项目推进经验者优先；<br />4. 具备用户研究经验者优先。</p>', '1', 'http://localhost:9528/src/static/img/recruit/recruitment/mihoyo.jpg', '2', '2024-03-12 14:43:21', '2024-03-21 16:57:22');
INSERT INTO `recruitment` VALUES ('44', '米哈游天命有限公司', '游戏测试', '8k-15k', '上海', '1年', '本科', '<p>职位要求：<br />1. 计算机或相关专业本科及以上学历，具备1-3年测试经验；<br />2. 熟练掌握测试工具和测试方法，如JUnit、TestNG、Postman等；<br />3. 熟悉常用的测试策略，如黑盒测试、白盒测试、兼容性测试等；<br />4. 了解Linux操作系统，能够进行简单的Linux命令操作；<br />5. 具备良好的编程能力和代码风格，能编写可读性高的测试用例；<br />6. 具备良好的沟通和团队协作能力，能与开发人员、产品经理等角色协作完成项目；<br />7. 关注测试技术的发展，持续学习新知识，能将新知识应用到测试中。</p>\n<p>优先考虑：<br />1. 有测试项目经验者优先；<br />2. 具备自动化测试经验者优先；<br />3. 具备性能测试经验者优先；<br />4. 具备测试工具开发经验者优先。</p>', '1', 'http://localhost:9528/src/static/img/recruit/recruitment/mihoyo.jpg', '2', '2024-03-12 14:43:21', '2024-03-21 16:58:02');
INSERT INTO `recruitment` VALUES ('46', '汉高', 'Java开发工程师', '15k-25k', '深圳', '2年', '硕士', '<p>职位要求：<br />1. 计算机或相关专业本科及以上学历，具备1-3年Java开发经验；<br />2. 熟练掌握Java语言，熟悉JavaScript、HTML、CSS等前端技术；<br />3. 熟悉常用的Java开源框架，如Spring、MyBatis、Struts等，了解其原理和最佳实践；<br />4. 熟悉关系型数据库，如MySQL、Oracle等，了解SQL语言；<br />5. 了解Linux操作系统，能够进行简单的Linux命令操作；<br />6. 具备良好的编程能力和代码风格，能编写可读性高的代码；<br />7. 具备良好的沟通和团队协作能力，能与产品经理、UI设计师、后端开发等角色协作完成项目；<br />8. 关注Java技术的发展，持续学习新知识，能将新知识应用到项目中。</p>\n<p>优先考虑：<br />1. 有Java项目开发经验者优先；<br />2. 具备Java架构设计经验者优先；<br />3. 具备分布式系统开发经验者优先；<br />4. 具备开源项目贡献经验者优先。</p>', '1', 'http://localhost:9528/src/static/img/recruit/recruitment/汉高标准logo.jpg', '3', '2024-03-12 14:43:21', '2024-03-21 16:59:09');
INSERT INTO `recruitment` VALUES ('47', '汉高', '数据分析师', '18k-35k', '深圳', '3年', '本科', '<ol style=\"border: 0px solid #e3e3e3; box-sizing: border-box; --tw-border-spacing-x: 0; --tw-border-spacing-y: 0; --tw-translate-x: 0; --tw-translate-y: 0; --tw-rotate: 0; --tw-skew-x: 0; --tw-skew-y: 0; --tw-scale-x: 1; --tw-scale-y: 1; --tw-scroll-snap-strictness: proximity; --tw-ring-offset-width: 0px; --tw-ring-offset-color: #fff; --tw-ring-color: rgba(69,89,164,.5); --tw-ring-offset-shadow: 0 0 transparent; --tw-ring-shadow: 0 0 transparent; --tw-shadow: 0 0 transparent; --tw-shadow-colored: 0 0 transparent; list-style: none; margin: 1.25em 0px; padding: 0px; counter-reset: list-number 0; display: flex; flex-direction: column; color: #0d0d0d; font-family: S&ouml;hne, ui-sans-serif, system-ui, -apple-system, \'Segoe UI\', Roboto, Ubuntu, Cantarell, \'Noto Sans\', sans-serif, \'Helvetica Neue\', Arial, \'Apple Color Emoji\', \'Segoe UI Emoji\', \'Segoe UI Symbol\', \'Noto Color Emoji\'; font-size: 16px; font-style: normal; font-variant-ligatures: normal; font-variant-caps: normal; font-weight: 400; letter-spacing: normal; orphans: 2; text-align: start; text-indent: 0px; text-transform: none; widows: 2; word-spacing: 0px; -webkit-text-stroke-width: 0px; white-space: pre-wrap; background-color: #ffffff; text-decoration-thickness: initial; text-decoration-style: initial; text-decoration-color: initial;\">\n<li style=\"border: 0px solid #e3e3e3; box-sizing: border-box; --tw-border-spacing-x: 0; --tw-border-spacing-y: 0; --tw-translate-x: 0; --tw-translate-y: 0; --tw-rotate: 0; --tw-skew-x: 0; --tw-skew-y: 0; --tw-scale-x: 1; --tw-scale-y: 1; --tw-scroll-snap-strictness: proximity; --tw-ring-offset-width: 0px; --tw-ring-offset-color: #fff; --tw-ring-color: rgba(69,89,164,.5); --tw-ring-offset-shadow: 0 0 transparent; --tw-ring-shadow: 0 0 transparent; --tw-shadow: 0 0 transparent; --tw-shadow-colored: 0 0 transparent; margin-bottom: 0px; margin-top: 0px; padding-left: 0.375em; counter-increment: list-number 1; display: block; min-height: 28px;\">\n<p style=\"border: 0px solid #e3e3e3; box-sizing: border-box; --tw-border-spacing-x: 0; --tw-border-spacing-y: 0; --tw-translate-x: 0; --tw-translate-y: 0; --tw-rotate: 0; --tw-skew-x: 0; --tw-skew-y: 0; --tw-scale-x: 1; --tw-scale-y: 1; --tw-scroll-snap-strictness: proximity; --tw-ring-offset-width: 0px; --tw-ring-offset-color: #fff; --tw-ring-color: rgba(69,89,164,.5); --tw-ring-offset-shadow: 0 0 transparent; --tw-ring-shadow: 0 0 transparent; --tw-shadow: 0 0 transparent; --tw-shadow-colored: 0 0 transparent; margin: 0px;\">数据分析能力：能够收集、整理、分析和解释大量数据，从中发现趋势、模式和见解。</p>\n</li>\n<li style=\"border: 0px solid #e3e3e3; box-sizing: border-box; --tw-border-spacing-x: 0; --tw-border-spacing-y: 0; --tw-translate-x: 0; --tw-translate-y: 0; --tw-rotate: 0; --tw-skew-x: 0; --tw-skew-y: 0; --tw-scale-x: 1; --tw-scale-y: 1; --tw-scroll-snap-strictness: proximity; --tw-ring-offset-width: 0px; --tw-ring-offset-color: #fff; --tw-ring-color: rgba(69,89,164,.5); --tw-ring-offset-shadow: 0 0 transparent; --tw-ring-shadow: 0 0 transparent; --tw-shadow: 0 0 transparent; --tw-shadow-colored: 0 0 transparent; margin-bottom: 0px; margin-top: 0px; padding-left: 0.375em; counter-increment: list-number 1; display: block; min-height: 28px;\">\n<p style=\"border: 0px solid #e3e3e3; box-sizing: border-box; --tw-border-spacing-x: 0; --tw-border-spacing-y: 0; --tw-translate-x: 0; --tw-translate-y: 0; --tw-rotate: 0; --tw-skew-x: 0; --tw-skew-y: 0; --tw-scale-x: 1; --tw-scale-y: 1; --tw-scroll-snap-strictness: proximity; --tw-ring-offset-width: 0px; --tw-ring-offset-color: #fff; --tw-ring-color: rgba(69,89,164,.5); --tw-ring-offset-shadow: 0 0 transparent; --tw-ring-shadow: 0 0 transparent; --tw-shadow: 0 0 transparent; --tw-shadow-colored: 0 0 transparent; margin: 0px;\">数据处理工具：熟练使用数据处理工具和软件，例如SQL、Python、R、Excel等，以及数据可视化工具如Tableau、Power BI等。</p>\n</li>\n<li style=\"border: 0px solid #e3e3e3; box-sizing: border-box; --tw-border-spacing-x: 0; --tw-border-spacing-y: 0; --tw-translate-x: 0; --tw-translate-y: 0; --tw-rotate: 0; --tw-skew-x: 0; --tw-skew-y: 0; --tw-scale-x: 1; --tw-scale-y: 1; --tw-scroll-snap-strictness: proximity; --tw-ring-offset-width: 0px; --tw-ring-offset-color: #fff; --tw-ring-color: rgba(69,89,164,.5); --tw-ring-offset-shadow: 0 0 transparent; --tw-ring-shadow: 0 0 transparent; --tw-shadow: 0 0 transparent; --tw-shadow-colored: 0 0 transparent; margin-bottom: 0px; margin-top: 0px; padding-left: 0.375em; counter-increment: list-number 1; display: block; min-height: 28px;\">\n<p style=\"border: 0px solid #e3e3e3; box-sizing: border-box; --tw-border-spacing-x: 0; --tw-border-spacing-y: 0; --tw-translate-x: 0; --tw-translate-y: 0; --tw-rotate: 0; --tw-skew-x: 0; --tw-skew-y: 0; --tw-scale-x: 1; --tw-scale-y: 1; --tw-scroll-snap-strictness: proximity; --tw-ring-offset-width: 0px; --tw-ring-offset-color: #fff; --tw-ring-color: rgba(69,89,164,.5); --tw-ring-offset-shadow: 0 0 transparent; --tw-ring-shadow: 0 0 transparent; --tw-shadow: 0 0 transparent; --tw-shadow-colored: 0 0 transparent; margin: 0px;\">数据挖掘和统计学知识：了解数据挖掘技术和统计学原理，包括回归分析、聚类分析、决策树等。</p>\n</li>\n<li style=\"border: 0px solid #e3e3e3; box-sizing: border-box; --tw-border-spacing-x: 0; --tw-border-spacing-y: 0; --tw-translate-x: 0; --tw-translate-y: 0; --tw-rotate: 0; --tw-skew-x: 0; --tw-skew-y: 0; --tw-scale-x: 1; --tw-scale-y: 1; --tw-scroll-snap-strictness: proximity; --tw-ring-offset-width: 0px; --tw-ring-offset-color: #fff; --tw-ring-color: rgba(69,89,164,.5); --tw-ring-offset-shadow: 0 0 transparent; --tw-ring-shadow: 0 0 transparent; --tw-shadow: 0 0 transparent; --tw-shadow-colored: 0 0 transparent; margin-bottom: 0px; margin-top: 0px; padding-left: 0.375em; counter-increment: list-number 1; display: block; min-height: 28px;\">\n<p style=\"border: 0px solid #e3e3e3; box-sizing: border-box; --tw-border-spacing-x: 0; --tw-border-spacing-y: 0; --tw-translate-x: 0; --tw-translate-y: 0; --tw-rotate: 0; --tw-skew-x: 0; --tw-skew-y: 0; --tw-scale-x: 1; --tw-scale-y: 1; --tw-scroll-snap-strictness: proximity; --tw-ring-offset-width: 0px; --tw-ring-offset-color: #fff; --tw-ring-color: rgba(69,89,164,.5); --tw-ring-offset-shadow: 0 0 transparent; --tw-ring-shadow: 0 0 transparent; --tw-shadow: 0 0 transparent; --tw-shadow-colored: 0 0 transparent; margin: 0px;\">数据清洗和预处理：具备数据清洗和预处理的能力，能够处理缺失值、异常值、重复值等，并进行数据格式转换和标准化。</p>\n</li>\n<li style=\"border: 0px solid #e3e3e3; box-sizing: border-box; --tw-border-spacing-x: 0; --tw-border-spacing-y: 0; --tw-translate-x: 0; --tw-translate-y: 0; --tw-rotate: 0; --tw-skew-x: 0; --tw-skew-y: 0; --tw-scale-x: 1; --tw-scale-y: 1; --tw-scroll-snap-strictness: proximity; --tw-ring-offset-width: 0px; --tw-ring-offset-color: #fff; --tw-ring-color: rgba(69,89,164,.5); --tw-ring-offset-shadow: 0 0 transparent; --tw-ring-shadow: 0 0 transparent; --tw-shadow: 0 0 transparent; --tw-shadow-colored: 0 0 transparent; margin-bottom: 0px; margin-top: 0px; padding-left: 0.375em; counter-increment: list-number 1; display: block; min-height: 28px;\">\n<p style=\"border: 0px solid #e3e3e3; box-sizing: border-box; --tw-border-spacing-x: 0; --tw-border-spacing-y: 0; --tw-translate-x: 0; --tw-translate-y: 0; --tw-rotate: 0; --tw-skew-x: 0; --tw-skew-y: 0; --tw-scale-x: 1; --tw-scale-y: 1; --tw-scroll-snap-strictness: proximity; --tw-ring-offset-width: 0px; --tw-ring-offset-color: #fff; --tw-ring-color: rgba(69,89,164,.5); --tw-ring-offset-shadow: 0 0 transparent; --tw-ring-shadow: 0 0 transparent; --tw-shadow: 0 0 transparent; --tw-shadow-colored: 0 0 transparent; margin: 0px;\">数据建模和分析：能够建立数据模型，进行预测分析、分类分析、关联分析等，以支持业务决策。</p>\n</li>\n<li style=\"border: 0px solid #e3e3e3; box-sizing: border-box; --tw-border-spacing-x: 0; --tw-border-spacing-y: 0; --tw-translate-x: 0; --tw-translate-y: 0; --tw-rotate: 0; --tw-skew-x: 0; --tw-skew-y: 0; --tw-scale-x: 1; --tw-scale-y: 1; --tw-scroll-snap-strictness: proximity; --tw-ring-offset-width: 0px; --tw-ring-offset-color: #fff; --tw-ring-color: rgba(69,89,164,.5); --tw-ring-offset-shadow: 0 0 transparent; --tw-ring-shadow: 0 0 transparent; --tw-shadow: 0 0 transparent; --tw-shadow-colored: 0 0 transparent; margin-bottom: 0px; margin-top: 0px; padding-left: 0.375em; counter-increment: list-number 1; display: block; min-height: 28px;\">\n<p style=\"border: 0px solid #e3e3e3; box-sizing: border-box; --tw-border-spacing-x: 0; --tw-border-spacing-y: 0; --tw-translate-x: 0; --tw-translate-y: 0; --tw-rotate: 0; --tw-skew-x: 0; --tw-skew-y: 0; --tw-scale-x: 1; --tw-scale-y: 1; --tw-scroll-snap-strictness: proximity; --tw-ring-offset-width: 0px; --tw-ring-offset-color: #fff; --tw-ring-color: rgba(69,89,164,.5); --tw-ring-offset-shadow: 0 0 transparent; --tw-ring-shadow: 0 0 transparent; --tw-shadow: 0 0 transparent; --tw-shadow-colored: 0 0 transparent; margin: 0px;\">数据可视化：能够将分析结果以图表、图形等形式进行可视化展示，向非技术人员传达复杂数据分析结果。</p>\n</li>\n<li style=\"border: 0px solid #e3e3e3; box-sizing: border-box; --tw-border-spacing-x: 0; --tw-border-spacing-y: 0; --tw-translate-x: 0; --tw-translate-y: 0; --tw-rotate: 0; --tw-skew-x: 0; --tw-skew-y: 0; --tw-scale-x: 1; --tw-scale-y: 1; --tw-scroll-snap-strictness: proximity; --tw-ring-offset-width: 0px; --tw-ring-offset-color: #fff; --tw-ring-color: rgba(69,89,164,.5); --tw-ring-offset-shadow: 0 0 transparent; --tw-ring-shadow: 0 0 transparent; --tw-shadow: 0 0 transparent; --tw-shadow-colored: 0 0 transparent; margin-bottom: 0px; margin-top: 0px; padding-left: 0.375em; counter-increment: list-number 1; display: block; min-height: 28px;\">\n<p style=\"border: 0px solid #e3e3e3; box-sizing: border-box; --tw-border-spacing-x: 0; --tw-border-spacing-y: 0; --tw-translate-x: 0; --tw-translate-y: 0; --tw-rotate: 0; --tw-skew-x: 0; --tw-skew-y: 0; --tw-scale-x: 1; --tw-scale-y: 1; --tw-scroll-snap-strictness: proximity; --tw-ring-offset-width: 0px; --tw-ring-offset-color: #fff; --tw-ring-color: rgba(69,89,164,.5); --tw-ring-offset-shadow: 0 0 transparent; --tw-ring-shadow: 0 0 transparent; --tw-shadow: 0 0 transparent; --tw-shadow-colored: 0 0 transparent; margin: 0px;\">业务理解能力：理解业务需求和业务流程，能够将数据分析结果与业务问题相结合，提出有效的解决方案。</p>\n</li>\n<li style=\"border: 0px solid #e3e3e3; box-sizing: border-box; --tw-border-spacing-x: 0; --tw-border-spacing-y: 0; --tw-translate-x: 0; --tw-translate-y: 0; --tw-rotate: 0; --tw-skew-x: 0; --tw-skew-y: 0; --tw-scale-x: 1; --tw-scale-y: 1; --tw-scroll-snap-strictness: proximity; --tw-ring-offset-width: 0px; --tw-ring-offset-color: #fff; --tw-ring-color: rgba(69,89,164,.5); --tw-ring-offset-shadow: 0 0 transparent; --tw-ring-shadow: 0 0 transparent; --tw-shadow: 0 0 transparent; --tw-shadow-colored: 0 0 transparent; margin-bottom: 0px; margin-top: 0px; padding-left: 0.375em; counter-increment: list-number 1; display: block; min-height: 28px;\">\n<p style=\"border: 0px solid #e3e3e3; box-sizing: border-box; --tw-border-spacing-x: 0; --tw-border-spacing-y: 0; --tw-translate-x: 0; --tw-translate-y: 0; --tw-rotate: 0; --tw-skew-x: 0; --tw-skew-y: 0; --tw-scale-x: 1; --tw-scale-y: 1; --tw-scroll-snap-strictness: proximity; --tw-ring-offset-width: 0px; --tw-ring-offset-color: #fff; --tw-ring-color: rgba(69,89,164,.5); --tw-ring-offset-shadow: 0 0 transparent; --tw-ring-shadow: 0 0 transparent; --tw-shadow: 0 0 transparent; --tw-shadow-colored: 0 0 transparent; margin: 0px;\">沟通和表达能力：具备良好的沟通和表达能力，能够与团队成员和业务人员进行有效的沟通和协作。</p>\n</li>\n<li style=\"border: 0px solid #e3e3e3; box-sizing: border-box; --tw-border-spacing-x: 0; --tw-border-spacing-y: 0; --tw-translate-x: 0; --tw-translate-y: 0; --tw-rotate: 0; --tw-skew-x: 0; --tw-skew-y: 0; --tw-scale-x: 1; --tw-scale-y: 1; --tw-scroll-snap-strictness: proximity; --tw-ring-offset-width: 0px; --tw-ring-offset-color: #fff; --tw-ring-color: rgba(69,89,164,.5); --tw-ring-offset-shadow: 0 0 transparent; --tw-ring-shadow: 0 0 transparent; --tw-shadow: 0 0 transparent; --tw-shadow-colored: 0 0 transparent; margin-bottom: 0px; margin-top: 0px; padding-left: 0.375em; counter-increment: list-number 1; display: block; min-height: 28px;\">\n<p style=\"border: 0px solid #e3e3e3; box-sizing: border-box; --tw-border-spacing-x: 0; --tw-border-spacing-y: 0; --tw-translate-x: 0; --tw-translate-y: 0; --tw-rotate: 0; --tw-skew-x: 0; --tw-skew-y: 0; --tw-scale-x: 1; --tw-scale-y: 1; --tw-scroll-snap-strictness: proximity; --tw-ring-offset-width: 0px; --tw-ring-offset-color: #fff; --tw-ring-color: rgba(69,89,164,.5); --tw-ring-offset-shadow: 0 0 transparent; --tw-ring-shadow: 0 0 transparent; --tw-shadow: 0 0 transparent; --tw-shadow-colored: 0 0 transparent; margin: 0px;\">快速学习能力：数据分析领域发展迅速，需要具备快速学习新技术和工具的能力，保持持续学习的态度。</p>\n</li>\n<li style=\"border: 0px solid #e3e3e3; box-sizing: border-box; --tw-border-spacing-x: 0; --tw-border-spacing-y: 0; --tw-translate-x: 0; --tw-translate-y: 0; --tw-rotate: 0; --tw-skew-x: 0; --tw-skew-y: 0; --tw-scale-x: 1; --tw-scale-y: 1; --tw-scroll-snap-strictness: proximity; --tw-ring-offset-width: 0px; --tw-ring-offset-color: #fff; --tw-ring-color: rgba(69,89,164,.5); --tw-ring-offset-shadow: 0 0 transparent; --tw-ring-shadow: 0 0 transparent; --tw-shadow: 0 0 transparent; --tw-shadow-colored: 0 0 transparent; margin-bottom: 0px; margin-top: 0px; padding-left: 0.375em; counter-increment: list-number 1; display: block; min-height: 28px;\">\n<p style=\"border: 0px solid #e3e3e3; box-sizing: border-box; --tw-border-spacing-x: 0; --tw-border-spacing-y: 0; --tw-translate-x: 0; --tw-translate-y: 0; --tw-rotate: 0; --tw-skew-x: 0; --tw-skew-y: 0; --tw-scale-x: 1; --tw-scale-y: 1; --tw-scroll-snap-strictness: proximity; --tw-ring-offset-width: 0px; --tw-ring-offset-color: #fff; --tw-ring-color: rgba(69,89,164,.5); --tw-ring-offset-shadow: 0 0 transparent; --tw-ring-shadow: 0 0 transparent; --tw-shadow: 0 0 transparent; --tw-shadow-colored: 0 0 transparent; margin: 0px;\">团队合作精神：能够与团队成员协作，共同解决问题，实现团队目标。</p>\n</li>\n</ol>', '1', 'http://localhost:9528/src/static/img/recruit/recruitment/汉高标准logo.jpg', '3', '2024-03-12 14:43:21', '2024-03-13 20:45:16');
INSERT INTO `recruitment` VALUES ('48', '中国工商银行浙江分行', '前端开发', '10k-20k', '北京', '1年', '本科', '<p>1、熟练掌握HTML5、CSS3、JavaScript等前端技术，了解Web语义化，熟悉W3C标准；<br />2、熟练使用Vue.js、React.js、Angular.js等前端框架，并了解其原理和最佳实践；<br />3、熟练使用Ajax、Fetch等HTTP请求库，了解前后端分离的原理和实现方式；<br />4、熟练使用Webpack、Gulp等构建工具，了解模块化、组件化的开发方式；<br />5、了解移动端开发，能解决不同设备上的兼容性问题；<br />6、了解UI/UX设计，能与设计师协作完成产品设计；<br />7、具备良好的编程能力和代码风格，能编写可维护的代码；<br />8、具备良好的沟通和团队协作能力，能与后端开发、产品经理等角色协作完成项目；</p>\n<p>&nbsp;</p>', '1', 'http://localhost:9528/src/static/img/recruit/recruitment/工行.jpg', '1', '2024-03-19 17:09:49', '2024-03-19 17:17:16');
INSERT INTO `recruitment` VALUES ('49', '中国工商银行浙江分行', '数据分析师', '15k-25k', '杭州', '2年', '硕士', '<ol style=\"border: 0px solid #e3e3e3; box-sizing: border-box; --tw-border-spacing-x: 0; --tw-border-spacing-y: 0; --tw-translate-x: 0; --tw-translate-y: 0; --tw-rotate: 0; --tw-skew-x: 0; --tw-skew-y: 0; --tw-scale-x: 1; --tw-scale-y: 1; --tw-scroll-snap-strictness: proximity; --tw-ring-offset-width: 0px; --tw-ring-offset-color: #fff; --tw-ring-color: rgba(69,89,164,.5); --tw-ring-offset-shadow: 0 0 transparent; --tw-ring-shadow: 0 0 transparent; --tw-shadow: 0 0 transparent; --tw-shadow-colored: 0 0 transparent; list-style: none; margin: 1.25em 0px; padding: 0px; counter-reset: list-number 0; display: flex; flex-direction: column; color: #0d0d0d; font-family: S&ouml;hne, ui-sans-serif, system-ui, -apple-system, \'Segoe UI\', Roboto, Ubuntu, Cantarell, \'Noto Sans\', sans-serif, \'Helvetica Neue\', Arial, \'Apple Color Emoji\', \'Segoe UI Emoji\', \'Segoe UI Symbol\', \'Noto Color Emoji\'; font-size: 16px; font-style: normal; font-variant-ligatures: normal; font-variant-caps: normal; font-weight: 400; letter-spacing: normal; orphans: 2; text-align: start; text-indent: 0px; text-transform: none; widows: 2; word-spacing: 0px; -webkit-text-stroke-width: 0px; white-space: pre-wrap; background-color: #ffffff; text-decoration-thickness: initial; text-decoration-style: initial; text-decoration-color: initial;\">\n<li style=\"border: 0px solid #e3e3e3; box-sizing: border-box; --tw-border-spacing-x: 0; --tw-border-spacing-y: 0; --tw-translate-x: 0; --tw-translate-y: 0; --tw-rotate: 0; --tw-skew-x: 0; --tw-skew-y: 0; --tw-scale-x: 1; --tw-scale-y: 1; --tw-scroll-snap-strictness: proximity; --tw-ring-offset-width: 0px; --tw-ring-offset-color: #fff; --tw-ring-color: rgba(69,89,164,.5); --tw-ring-offset-shadow: 0 0 transparent; --tw-ring-shadow: 0 0 transparent; --tw-shadow: 0 0 transparent; --tw-shadow-colored: 0 0 transparent; margin-bottom: 0px; margin-top: 0px; padding-left: 0.375em; counter-increment: list-number 1; display: block; min-height: 28px;\">\n<p style=\"border: 0px solid #e3e3e3; box-sizing: border-box; --tw-border-spacing-x: 0; --tw-border-spacing-y: 0; --tw-translate-x: 0; --tw-translate-y: 0; --tw-rotate: 0; --tw-skew-x: 0; --tw-skew-y: 0; --tw-scale-x: 1; --tw-scale-y: 1; --tw-scroll-snap-strictness: proximity; --tw-ring-offset-width: 0px; --tw-ring-offset-color: #fff; --tw-ring-color: rgba(69,89,164,.5); --tw-ring-offset-shadow: 0 0 transparent; --tw-ring-shadow: 0 0 transparent; --tw-shadow: 0 0 transparent; --tw-shadow-colored: 0 0 transparent; margin: 0px;\">数据分析能力：能够收集、整理、分析和解释大量数据，从中发现趋势、模式和见解。</p>\n</li>\n<li style=\"border: 0px solid #e3e3e3; box-sizing: border-box; --tw-border-spacing-x: 0; --tw-border-spacing-y: 0; --tw-translate-x: 0; --tw-translate-y: 0; --tw-rotate: 0; --tw-skew-x: 0; --tw-skew-y: 0; --tw-scale-x: 1; --tw-scale-y: 1; --tw-scroll-snap-strictness: proximity; --tw-ring-offset-width: 0px; --tw-ring-offset-color: #fff; --tw-ring-color: rgba(69,89,164,.5); --tw-ring-offset-shadow: 0 0 transparent; --tw-ring-shadow: 0 0 transparent; --tw-shadow: 0 0 transparent; --tw-shadow-colored: 0 0 transparent; margin-bottom: 0px; margin-top: 0px; padding-left: 0.375em; counter-increment: list-number 1; display: block; min-height: 28px;\">\n<p style=\"border: 0px solid #e3e3e3; box-sizing: border-box; --tw-border-spacing-x: 0; --tw-border-spacing-y: 0; --tw-translate-x: 0; --tw-translate-y: 0; --tw-rotate: 0; --tw-skew-x: 0; --tw-skew-y: 0; --tw-scale-x: 1; --tw-scale-y: 1; --tw-scroll-snap-strictness: proximity; --tw-ring-offset-width: 0px; --tw-ring-offset-color: #fff; --tw-ring-color: rgba(69,89,164,.5); --tw-ring-offset-shadow: 0 0 transparent; --tw-ring-shadow: 0 0 transparent; --tw-shadow: 0 0 transparent; --tw-shadow-colored: 0 0 transparent; margin: 0px;\">数据处理工具：熟练使用数据处理工具和软件，例如SQL、Python、R、Excel等，以及数据可视化工具如Tableau、Power BI等。</p>\n</li>\n<li style=\"border: 0px solid #e3e3e3; box-sizing: border-box; --tw-border-spacing-x: 0; --tw-border-spacing-y: 0; --tw-translate-x: 0; --tw-translate-y: 0; --tw-rotate: 0; --tw-skew-x: 0; --tw-skew-y: 0; --tw-scale-x: 1; --tw-scale-y: 1; --tw-scroll-snap-strictness: proximity; --tw-ring-offset-width: 0px; --tw-ring-offset-color: #fff; --tw-ring-color: rgba(69,89,164,.5); --tw-ring-offset-shadow: 0 0 transparent; --tw-ring-shadow: 0 0 transparent; --tw-shadow: 0 0 transparent; --tw-shadow-colored: 0 0 transparent; margin-bottom: 0px; margin-top: 0px; padding-left: 0.375em; counter-increment: list-number 1; display: block; min-height: 28px;\">\n<p style=\"border: 0px solid #e3e3e3; box-sizing: border-box; --tw-border-spacing-x: 0; --tw-border-spacing-y: 0; --tw-translate-x: 0; --tw-translate-y: 0; --tw-rotate: 0; --tw-skew-x: 0; --tw-skew-y: 0; --tw-scale-x: 1; --tw-scale-y: 1; --tw-scroll-snap-strictness: proximity; --tw-ring-offset-width: 0px; --tw-ring-offset-color: #fff; --tw-ring-color: rgba(69,89,164,.5); --tw-ring-offset-shadow: 0 0 transparent; --tw-ring-shadow: 0 0 transparent; --tw-shadow: 0 0 transparent; --tw-shadow-colored: 0 0 transparent; margin: 0px;\">数据挖掘和统计学知识：了解数据挖掘技术和统计学原理，包括回归分析、聚类分析、决策树等。</p>\n</li>\n<li style=\"border: 0px solid #e3e3e3; box-sizing: border-box; --tw-border-spacing-x: 0; --tw-border-spacing-y: 0; --tw-translate-x: 0; --tw-translate-y: 0; --tw-rotate: 0; --tw-skew-x: 0; --tw-skew-y: 0; --tw-scale-x: 1; --tw-scale-y: 1; --tw-scroll-snap-strictness: proximity; --tw-ring-offset-width: 0px; --tw-ring-offset-color: #fff; --tw-ring-color: rgba(69,89,164,.5); --tw-ring-offset-shadow: 0 0 transparent; --tw-ring-shadow: 0 0 transparent; --tw-shadow: 0 0 transparent; --tw-shadow-colored: 0 0 transparent; margin-bottom: 0px; margin-top: 0px; padding-left: 0.375em; counter-increment: list-number 1; display: block; min-height: 28px;\">\n<p style=\"border: 0px solid #e3e3e3; box-sizing: border-box; --tw-border-spacing-x: 0; --tw-border-spacing-y: 0; --tw-translate-x: 0; --tw-translate-y: 0; --tw-rotate: 0; --tw-skew-x: 0; --tw-skew-y: 0; --tw-scale-x: 1; --tw-scale-y: 1; --tw-scroll-snap-strictness: proximity; --tw-ring-offset-width: 0px; --tw-ring-offset-color: #fff; --tw-ring-color: rgba(69,89,164,.5); --tw-ring-offset-shadow: 0 0 transparent; --tw-ring-shadow: 0 0 transparent; --tw-shadow: 0 0 transparent; --tw-shadow-colored: 0 0 transparent; margin: 0px;\">数据清洗和预处理：具备数据清洗和预处理的能力，能够处理缺失值、异常值、重复值等，并进行数据格式转换和标准化。</p>\n</li>\n<li style=\"border: 0px solid #e3e3e3; box-sizing: border-box; --tw-border-spacing-x: 0; --tw-border-spacing-y: 0; --tw-translate-x: 0; --tw-translate-y: 0; --tw-rotate: 0; --tw-skew-x: 0; --tw-skew-y: 0; --tw-scale-x: 1; --tw-scale-y: 1; --tw-scroll-snap-strictness: proximity; --tw-ring-offset-width: 0px; --tw-ring-offset-color: #fff; --tw-ring-color: rgba(69,89,164,.5); --tw-ring-offset-shadow: 0 0 transparent; --tw-ring-shadow: 0 0 transparent; --tw-shadow: 0 0 transparent; --tw-shadow-colored: 0 0 transparent; margin-bottom: 0px; margin-top: 0px; padding-left: 0.375em; counter-increment: list-number 1; display: block; min-height: 28px;\">\n<p style=\"border: 0px solid #e3e3e3; box-sizing: border-box; --tw-border-spacing-x: 0; --tw-border-spacing-y: 0; --tw-translate-x: 0; --tw-translate-y: 0; --tw-rotate: 0; --tw-skew-x: 0; --tw-skew-y: 0; --tw-scale-x: 1; --tw-scale-y: 1; --tw-scroll-snap-strictness: proximity; --tw-ring-offset-width: 0px; --tw-ring-offset-color: #fff; --tw-ring-color: rgba(69,89,164,.5); --tw-ring-offset-shadow: 0 0 transparent; --tw-ring-shadow: 0 0 transparent; --tw-shadow: 0 0 transparent; --tw-shadow-colored: 0 0 transparent; margin: 0px;\">数据建模和分析：能够建立数据模型，进行预测分析、分类分析、关联分析等，以支持业务决策。</p>\n</li>\n<li style=\"border: 0px solid #e3e3e3; box-sizing: border-box; --tw-border-spacing-x: 0; --tw-border-spacing-y: 0; --tw-translate-x: 0; --tw-translate-y: 0; --tw-rotate: 0; --tw-skew-x: 0; --tw-skew-y: 0; --tw-scale-x: 1; --tw-scale-y: 1; --tw-scroll-snap-strictness: proximity; --tw-ring-offset-width: 0px; --tw-ring-offset-color: #fff; --tw-ring-color: rgba(69,89,164,.5); --tw-ring-offset-shadow: 0 0 transparent; --tw-ring-shadow: 0 0 transparent; --tw-shadow: 0 0 transparent; --tw-shadow-colored: 0 0 transparent; margin-bottom: 0px; margin-top: 0px; padding-left: 0.375em; counter-increment: list-number 1; display: block; min-height: 28px;\">\n<p style=\"border: 0px solid #e3e3e3; box-sizing: border-box; --tw-border-spacing-x: 0; --tw-border-spacing-y: 0; --tw-translate-x: 0; --tw-translate-y: 0; --tw-rotate: 0; --tw-skew-x: 0; --tw-skew-y: 0; --tw-scale-x: 1; --tw-scale-y: 1; --tw-scroll-snap-strictness: proximity; --tw-ring-offset-width: 0px; --tw-ring-offset-color: #fff; --tw-ring-color: rgba(69,89,164,.5); --tw-ring-offset-shadow: 0 0 transparent; --tw-ring-shadow: 0 0 transparent; --tw-shadow: 0 0 transparent; --tw-shadow-colored: 0 0 transparent; margin: 0px;\">数据可视化：能够将分析结果以图表、图形等形式进行可视化展示，向非技术人员传达复杂数据分析结果。</p>\n</li>\n<li style=\"border: 0px solid #e3e3e3; box-sizing: border-box; --tw-border-spacing-x: 0; --tw-border-spacing-y: 0; --tw-translate-x: 0; --tw-translate-y: 0; --tw-rotate: 0; --tw-skew-x: 0; --tw-skew-y: 0; --tw-scale-x: 1; --tw-scale-y: 1; --tw-scroll-snap-strictness: proximity; --tw-ring-offset-width: 0px; --tw-ring-offset-color: #fff; --tw-ring-color: rgba(69,89,164,.5); --tw-ring-offset-shadow: 0 0 transparent; --tw-ring-shadow: 0 0 transparent; --tw-shadow: 0 0 transparent; --tw-shadow-colored: 0 0 transparent; margin-bottom: 0px; margin-top: 0px; padding-left: 0.375em; counter-increment: list-number 1; display: block; min-height: 28px;\">\n<p style=\"border: 0px solid #e3e3e3; box-sizing: border-box; --tw-border-spacing-x: 0; --tw-border-spacing-y: 0; --tw-translate-x: 0; --tw-translate-y: 0; --tw-rotate: 0; --tw-skew-x: 0; --tw-skew-y: 0; --tw-scale-x: 1; --tw-scale-y: 1; --tw-scroll-snap-strictness: proximity; --tw-ring-offset-width: 0px; --tw-ring-offset-color: #fff; --tw-ring-color: rgba(69,89,164,.5); --tw-ring-offset-shadow: 0 0 transparent; --tw-ring-shadow: 0 0 transparent; --tw-shadow: 0 0 transparent; --tw-shadow-colored: 0 0 transparent; margin: 0px;\">业务理解能力：理解业务需求和业务流程，能够将数据分析结果与业务问题相结合，提出有效的解决方案。</p>\n</li>\n<li style=\"border: 0px solid #e3e3e3; box-sizing: border-box; --tw-border-spacing-x: 0; --tw-border-spacing-y: 0; --tw-translate-x: 0; --tw-translate-y: 0; --tw-rotate: 0; --tw-skew-x: 0; --tw-skew-y: 0; --tw-scale-x: 1; --tw-scale-y: 1; --tw-scroll-snap-strictness: proximity; --tw-ring-offset-width: 0px; --tw-ring-offset-color: #fff; --tw-ring-color: rgba(69,89,164,.5); --tw-ring-offset-shadow: 0 0 transparent; --tw-ring-shadow: 0 0 transparent; --tw-shadow: 0 0 transparent; --tw-shadow-colored: 0 0 transparent; margin-bottom: 0px; margin-top: 0px; padding-left: 0.375em; counter-increment: list-number 1; display: block; min-height: 28px;\">\n<p style=\"border: 0px solid #e3e3e3; box-sizing: border-box; --tw-border-spacing-x: 0; --tw-border-spacing-y: 0; --tw-translate-x: 0; --tw-translate-y: 0; --tw-rotate: 0; --tw-skew-x: 0; --tw-skew-y: 0; --tw-scale-x: 1; --tw-scale-y: 1; --tw-scroll-snap-strictness: proximity; --tw-ring-offset-width: 0px; --tw-ring-offset-color: #fff; --tw-ring-color: rgba(69,89,164,.5); --tw-ring-offset-shadow: 0 0 transparent; --tw-ring-shadow: 0 0 transparent; --tw-shadow: 0 0 transparent; --tw-shadow-colored: 0 0 transparent; margin: 0px;\">沟通和表达能力：具备良好的沟通和表达能力，能够与团队成员和业务人员进行有效的沟通和协作。</p>\n</li>\n<li style=\"border: 0px solid #e3e3e3; box-sizing: border-box; --tw-border-spacing-x: 0; --tw-border-spacing-y: 0; --tw-translate-x: 0; --tw-translate-y: 0; --tw-rotate: 0; --tw-skew-x: 0; --tw-skew-y: 0; --tw-scale-x: 1; --tw-scale-y: 1; --tw-scroll-snap-strictness: proximity; --tw-ring-offset-width: 0px; --tw-ring-offset-color: #fff; --tw-ring-color: rgba(69,89,164,.5); --tw-ring-offset-shadow: 0 0 transparent; --tw-ring-shadow: 0 0 transparent; --tw-shadow: 0 0 transparent; --tw-shadow-colored: 0 0 transparent; margin-bottom: 0px; margin-top: 0px; padding-left: 0.375em; counter-increment: list-number 1; display: block; min-height: 28px;\">\n<p style=\"border: 0px solid #e3e3e3; box-sizing: border-box; --tw-border-spacing-x: 0; --tw-border-spacing-y: 0; --tw-translate-x: 0; --tw-translate-y: 0; --tw-rotate: 0; --tw-skew-x: 0; --tw-skew-y: 0; --tw-scale-x: 1; --tw-scale-y: 1; --tw-scroll-snap-strictness: proximity; --tw-ring-offset-width: 0px; --tw-ring-offset-color: #fff; --tw-ring-color: rgba(69,89,164,.5); --tw-ring-offset-shadow: 0 0 transparent; --tw-ring-shadow: 0 0 transparent; --tw-shadow: 0 0 transparent; --tw-shadow-colored: 0 0 transparent; margin: 0px;\">快速学习能力：数据分析领域发展迅速，需要具备快速学习新技术和工具的能力，保持持续学习的态度。</p>\n</li>\n<li style=\"border: 0px solid #e3e3e3; box-sizing: border-box; --tw-border-spacing-x: 0; --tw-border-spacing-y: 0; --tw-translate-x: 0; --tw-translate-y: 0; --tw-rotate: 0; --tw-skew-x: 0; --tw-skew-y: 0; --tw-scale-x: 1; --tw-scale-y: 1; --tw-scroll-snap-strictness: proximity; --tw-ring-offset-width: 0px; --tw-ring-offset-color: #fff; --tw-ring-color: rgba(69,89,164,.5); --tw-ring-offset-shadow: 0 0 transparent; --tw-ring-shadow: 0 0 transparent; --tw-shadow: 0 0 transparent; --tw-shadow-colored: 0 0 transparent; margin-bottom: 0px; margin-top: 0px; padding-left: 0.375em; counter-increment: list-number 1; display: block; min-height: 28px;\">\n<p style=\"border: 0px solid #e3e3e3; box-sizing: border-box; --tw-border-spacing-x: 0; --tw-border-spacing-y: 0; --tw-translate-x: 0; --tw-translate-y: 0; --tw-rotate: 0; --tw-skew-x: 0; --tw-skew-y: 0; --tw-scale-x: 1; --tw-scale-y: 1; --tw-scroll-snap-strictness: proximity; --tw-ring-offset-width: 0px; --tw-ring-offset-color: #fff; --tw-ring-color: rgba(69,89,164,.5); --tw-ring-offset-shadow: 0 0 transparent; --tw-ring-shadow: 0 0 transparent; --tw-shadow: 0 0 transparent; --tw-shadow-colored: 0 0 transparent; margin: 0px;\">团队合作精神：能够与团队成员协作，共同解决问题，实现团队目标。</p>\n</li>\n</ol>', '1', 'http://localhost:9528/src/static/img/recruit/recruitment/工行.jpg', '1', '2024-03-26 00:50:02', '2024-03-26 00:50:02');
INSERT INTO `recruitment` VALUES ('50', '中国工商银行浙江分行', '产品经理', '18k-30k', '上海', '3年', '本科', '<p>职位要求：<br />1. 本科及以上学历，具备1-3年产品经理经验；<br />2. 熟练掌握产品设计工具，如Axure、Sketch、墨刀等；<br />3. 熟悉产品生命周期，了解用户需求分析、产品设计、项目推进等产品经理日常工作；<br />4. 了解Linux操作系统，能够进行简单的Linux命令操作；<br />5. 具备良好的沟通和团队协作能力，能与开发人员、测试人员、设计师等角色协作完成项目；<br />6. 关注产品经理的发展，持续学习新知识，能将新知识应用到项目中。</p>\n<p>优先考虑：<br />1. 有产品项目经验者优先；<br />2. 具备产品设计经验者优先；<br />3. 具备项目推进经验者优先；<br />4. 具备用户研究经验者优先。</p>', '1', 'http://localhost:9528/src/static/img/recruit/recruitment/工行.jpg', '1', '2024-03-26 00:50:08', '2024-03-26 00:50:08');
INSERT INTO `recruitment` VALUES ('52', '海天', 'Python开发工程师', '12k-20k', '深圳', '2年', '硕士', '<p>职位要求：<br />1. 计算机或相关专业本科及以上学历，具备1-3年Python开发经验；<br />2. 熟练掌握Python语言，熟悉JavaScript、HTML、CSS等前端技术；<br />3. 熟悉常用的Python开源框架，如Django、Flask、Tornado等，了解其原理和最佳实践；<br />4. 熟悉关系型数据库，如MySQL、Oracle等，了解SQL语言；<br />5. 了解Linux操作系统，能够进行简单的Linux命令操作；<br />6. 具备良好的编程能力和代码风格，能编写可读性高的代码；<br />7. 具备良好的沟通和团队协作能力，能与产品经理、UI设计师、后端开发等角色协作完成项目；<br />8. 关注Python技术的发展，持续学习新知识，能将新知识应用到项目中。</p>\n<p>优先考虑：<br />1. 有Python项目开发经验者优先；<br />2. 具备Python架构设计经验者优先；<br />3. 具备分布式系统开发经验者优先；<br />4. 具备开源项目贡献经验者优先。</p>', '1', 'http://localhost:9528/src/static/img/recruit/recruitment/海天.jpg', '4', '2024-03-12 14:43:21', '2024-03-21 01:01:42');
INSERT INTO `recruitment` VALUES ('53', '海天', '系统管理员', '10k-18k', '上海', '1年', '本科', '<p>职位要求：<br />1. 本科及以上学历，具备1-3年产品经理经验；<br />2. 熟练掌握产品设计工具，如Axure、Sketch、墨刀等；<br />3. 熟悉产品生命周期，了解用户需求分析、产品设计、项目推进等产品经理日常工作；<br />4. 了解Linux操作系统，能够进行简单的Linux命令操作；<br />5. 具备良好的沟通和团队协作能力，能与开发人员、测试人员、设计师等角色协作完成项目；<br />6. 关注产品经理的发展，持续学习新知识，能将新知识应用到项目中。</p>\n<p>优先考虑：<br />1. 有产品项目经验者优先；<br />2. 具备产品设计经验者优先；<br />3. 具备项目推进经验者优先；<br />4. 具备用户研究经验者优先。</p>', '1', 'http://localhost:9528/src/static/img/recruit/recruitment/海天.jpg', '4', '2024-03-12 14:43:21', '2024-03-21 16:54:36');
INSERT INTO `recruitment` VALUES ('54', '天津力神电池股份有限公司', '软件工程师', '15k-25k', '天津', '2年', '本科', '<p>职位要求：<br />1. 本科及以上学历，具备1-3年产品经理经验；<br />2. 熟练掌握产品设计工具，如Axure、Sketch、墨刀等；<br />3. 熟悉产品生命周期，了解用户需求分析、产品设计、项目推进等产品经理日常工作；<br />4. 了解Linux操作系统，能够进行简单的Linux命令操作；<br />5. 具备良好的沟通和团队协作能力，能与开发人员、测试人员、设计师等角色协作完成项目；<br />6. 关注产品经理的发展，持续学习新知识，能将新知识应用到项目中。</p>\n<p>优先考虑：<br />1. 有产品项目经验者优先；<br />2. 具备产品设计经验者优先；<br />3. 具备项目推进经验者优先；<br />4. 具备用户研究经验者优先。</p>', '1', 'http://localhost:9528/src/static/img/recruit/recruitment/1710849636545.jpg', '5', '2024-03-12 14:43:21', '2024-03-21 16:56:33');
INSERT INTO `recruitment` VALUES ('55', '天津力神电池股份有限公司', '数据工程师', '18k-30k', '天津', '3年', '硕士', '<ol style=\"border: 0px solid #e3e3e3; box-sizing: border-box; --tw-border-spacing-x: 0; --tw-border-spacing-y: 0; --tw-translate-x: 0; --tw-translate-y: 0; --tw-rotate: 0; --tw-skew-x: 0; --tw-skew-y: 0; --tw-scale-x: 1; --tw-scale-y: 1; --tw-scroll-snap-strictness: proximity; --tw-ring-offset-width: 0px; --tw-ring-offset-color: #fff; --tw-ring-color: rgba(69,89,164,.5); --tw-ring-offset-shadow: 0 0 transparent; --tw-ring-shadow: 0 0 transparent; --tw-shadow: 0 0 transparent; --tw-shadow-colored: 0 0 transparent; list-style: none; margin: 1.25em 0px; padding: 0px; counter-reset: list-number 0; display: flex; flex-direction: column; color: #0d0d0d; font-family: S&ouml;hne, ui-sans-serif, system-ui, -apple-system, \'Segoe UI\', Roboto, Ubuntu, Cantarell, \'Noto Sans\', sans-serif, \'Helvetica Neue\', Arial, \'Apple Color Emoji\', \'Segoe UI Emoji\', \'Segoe UI Symbol\', \'Noto Color Emoji\'; font-size: 16px; font-style: normal; font-variant-ligatures: normal; font-variant-caps: normal; font-weight: 400; letter-spacing: normal; orphans: 2; text-align: start; text-indent: 0px; text-transform: none; widows: 2; word-spacing: 0px; -webkit-text-stroke-width: 0px; white-space: pre-wrap; background-color: #ffffff; text-decoration-thickness: initial; text-decoration-style: initial; text-decoration-color: initial;\">\n<li style=\"border: 0px solid #e3e3e3; box-sizing: border-box; --tw-border-spacing-x: 0; --tw-border-spacing-y: 0; --tw-translate-x: 0; --tw-translate-y: 0; --tw-rotate: 0; --tw-skew-x: 0; --tw-skew-y: 0; --tw-scale-x: 1; --tw-scale-y: 1; --tw-scroll-snap-strictness: proximity; --tw-ring-offset-width: 0px; --tw-ring-offset-color: #fff; --tw-ring-color: rgba(69,89,164,.5); --tw-ring-offset-shadow: 0 0 transparent; --tw-ring-shadow: 0 0 transparent; --tw-shadow: 0 0 transparent; --tw-shadow-colored: 0 0 transparent; margin-bottom: 0px; margin-top: 0px; padding-left: 0.375em; counter-increment: list-number 1; display: block; min-height: 28px;\">\n<p style=\"border: 0px solid #e3e3e3; box-sizing: border-box; --tw-border-spacing-x: 0; --tw-border-spacing-y: 0; --tw-translate-x: 0; --tw-translate-y: 0; --tw-rotate: 0; --tw-skew-x: 0; --tw-skew-y: 0; --tw-scale-x: 1; --tw-scale-y: 1; --tw-scroll-snap-strictness: proximity; --tw-ring-offset-width: 0px; --tw-ring-offset-color: #fff; --tw-ring-color: rgba(69,89,164,.5); --tw-ring-offset-shadow: 0 0 transparent; --tw-ring-shadow: 0 0 transparent; --tw-shadow: 0 0 transparent; --tw-shadow-colored: 0 0 transparent; margin: 0px;\">数据分析能力：能够收集、整理、分析和解释大量数据，从中发现趋势、模式和见解。</p>\n</li>\n<li style=\"border: 0px solid #e3e3e3; box-sizing: border-box; --tw-border-spacing-x: 0; --tw-border-spacing-y: 0; --tw-translate-x: 0; --tw-translate-y: 0; --tw-rotate: 0; --tw-skew-x: 0; --tw-skew-y: 0; --tw-scale-x: 1; --tw-scale-y: 1; --tw-scroll-snap-strictness: proximity; --tw-ring-offset-width: 0px; --tw-ring-offset-color: #fff; --tw-ring-color: rgba(69,89,164,.5); --tw-ring-offset-shadow: 0 0 transparent; --tw-ring-shadow: 0 0 transparent; --tw-shadow: 0 0 transparent; --tw-shadow-colored: 0 0 transparent; margin-bottom: 0px; margin-top: 0px; padding-left: 0.375em; counter-increment: list-number 1; display: block; min-height: 28px;\">\n<p style=\"border: 0px solid #e3e3e3; box-sizing: border-box; --tw-border-spacing-x: 0; --tw-border-spacing-y: 0; --tw-translate-x: 0; --tw-translate-y: 0; --tw-rotate: 0; --tw-skew-x: 0; --tw-skew-y: 0; --tw-scale-x: 1; --tw-scale-y: 1; --tw-scroll-snap-strictness: proximity; --tw-ring-offset-width: 0px; --tw-ring-offset-color: #fff; --tw-ring-color: rgba(69,89,164,.5); --tw-ring-offset-shadow: 0 0 transparent; --tw-ring-shadow: 0 0 transparent; --tw-shadow: 0 0 transparent; --tw-shadow-colored: 0 0 transparent; margin: 0px;\">数据处理工具：熟练使用数据处理工具和软件，例如SQL、Python、R、Excel等，以及数据可视化工具如Tableau、Power BI等。</p>\n</li>\n<li style=\"border: 0px solid #e3e3e3; box-sizing: border-box; --tw-border-spacing-x: 0; --tw-border-spacing-y: 0; --tw-translate-x: 0; --tw-translate-y: 0; --tw-rotate: 0; --tw-skew-x: 0; --tw-skew-y: 0; --tw-scale-x: 1; --tw-scale-y: 1; --tw-scroll-snap-strictness: proximity; --tw-ring-offset-width: 0px; --tw-ring-offset-color: #fff; --tw-ring-color: rgba(69,89,164,.5); --tw-ring-offset-shadow: 0 0 transparent; --tw-ring-shadow: 0 0 transparent; --tw-shadow: 0 0 transparent; --tw-shadow-colored: 0 0 transparent; margin-bottom: 0px; margin-top: 0px; padding-left: 0.375em; counter-increment: list-number 1; display: block; min-height: 28px;\">\n<p style=\"border: 0px solid #e3e3e3; box-sizing: border-box; --tw-border-spacing-x: 0; --tw-border-spacing-y: 0; --tw-translate-x: 0; --tw-translate-y: 0; --tw-rotate: 0; --tw-skew-x: 0; --tw-skew-y: 0; --tw-scale-x: 1; --tw-scale-y: 1; --tw-scroll-snap-strictness: proximity; --tw-ring-offset-width: 0px; --tw-ring-offset-color: #fff; --tw-ring-color: rgba(69,89,164,.5); --tw-ring-offset-shadow: 0 0 transparent; --tw-ring-shadow: 0 0 transparent; --tw-shadow: 0 0 transparent; --tw-shadow-colored: 0 0 transparent; margin: 0px;\">数据挖掘和统计学知识：了解数据挖掘技术和统计学原理，包括回归分析、聚类分析、决策树等。</p>\n</li>\n<li style=\"border: 0px solid #e3e3e3; box-sizing: border-box; --tw-border-spacing-x: 0; --tw-border-spacing-y: 0; --tw-translate-x: 0; --tw-translate-y: 0; --tw-rotate: 0; --tw-skew-x: 0; --tw-skew-y: 0; --tw-scale-x: 1; --tw-scale-y: 1; --tw-scroll-snap-strictness: proximity; --tw-ring-offset-width: 0px; --tw-ring-offset-color: #fff; --tw-ring-color: rgba(69,89,164,.5); --tw-ring-offset-shadow: 0 0 transparent; --tw-ring-shadow: 0 0 transparent; --tw-shadow: 0 0 transparent; --tw-shadow-colored: 0 0 transparent; margin-bottom: 0px; margin-top: 0px; padding-left: 0.375em; counter-increment: list-number 1; display: block; min-height: 28px;\">\n<p style=\"border: 0px solid #e3e3e3; box-sizing: border-box; --tw-border-spacing-x: 0; --tw-border-spacing-y: 0; --tw-translate-x: 0; --tw-translate-y: 0; --tw-rotate: 0; --tw-skew-x: 0; --tw-skew-y: 0; --tw-scale-x: 1; --tw-scale-y: 1; --tw-scroll-snap-strictness: proximity; --tw-ring-offset-width: 0px; --tw-ring-offset-color: #fff; --tw-ring-color: rgba(69,89,164,.5); --tw-ring-offset-shadow: 0 0 transparent; --tw-ring-shadow: 0 0 transparent; --tw-shadow: 0 0 transparent; --tw-shadow-colored: 0 0 transparent; margin: 0px;\">数据清洗和预处理：具备数据清洗和预处理的能力，能够处理缺失值、异常值、重复值等，并进行数据格式转换和标准化。</p>\n</li>\n<li style=\"border: 0px solid #e3e3e3; box-sizing: border-box; --tw-border-spacing-x: 0; --tw-border-spacing-y: 0; --tw-translate-x: 0; --tw-translate-y: 0; --tw-rotate: 0; --tw-skew-x: 0; --tw-skew-y: 0; --tw-scale-x: 1; --tw-scale-y: 1; --tw-scroll-snap-strictness: proximity; --tw-ring-offset-width: 0px; --tw-ring-offset-color: #fff; --tw-ring-color: rgba(69,89,164,.5); --tw-ring-offset-shadow: 0 0 transparent; --tw-ring-shadow: 0 0 transparent; --tw-shadow: 0 0 transparent; --tw-shadow-colored: 0 0 transparent; margin-bottom: 0px; margin-top: 0px; padding-left: 0.375em; counter-increment: list-number 1; display: block; min-height: 28px;\">\n<p style=\"border: 0px solid #e3e3e3; box-sizing: border-box; --tw-border-spacing-x: 0; --tw-border-spacing-y: 0; --tw-translate-x: 0; --tw-translate-y: 0; --tw-rotate: 0; --tw-skew-x: 0; --tw-skew-y: 0; --tw-scale-x: 1; --tw-scale-y: 1; --tw-scroll-snap-strictness: proximity; --tw-ring-offset-width: 0px; --tw-ring-offset-color: #fff; --tw-ring-color: rgba(69,89,164,.5); --tw-ring-offset-shadow: 0 0 transparent; --tw-ring-shadow: 0 0 transparent; --tw-shadow: 0 0 transparent; --tw-shadow-colored: 0 0 transparent; margin: 0px;\">数据建模和分析：能够建立数据模型，进行预测分析、分类分析、关联分析等，以支持业务决策。</p>\n</li>\n<li style=\"border: 0px solid #e3e3e3; box-sizing: border-box; --tw-border-spacing-x: 0; --tw-border-spacing-y: 0; --tw-translate-x: 0; --tw-translate-y: 0; --tw-rotate: 0; --tw-skew-x: 0; --tw-skew-y: 0; --tw-scale-x: 1; --tw-scale-y: 1; --tw-scroll-snap-strictness: proximity; --tw-ring-offset-width: 0px; --tw-ring-offset-color: #fff; --tw-ring-color: rgba(69,89,164,.5); --tw-ring-offset-shadow: 0 0 transparent; --tw-ring-shadow: 0 0 transparent; --tw-shadow: 0 0 transparent; --tw-shadow-colored: 0 0 transparent; margin-bottom: 0px; margin-top: 0px; padding-left: 0.375em; counter-increment: list-number 1; display: block; min-height: 28px;\">\n<p style=\"border: 0px solid #e3e3e3; box-sizing: border-box; --tw-border-spacing-x: 0; --tw-border-spacing-y: 0; --tw-translate-x: 0; --tw-translate-y: 0; --tw-rotate: 0; --tw-skew-x: 0; --tw-skew-y: 0; --tw-scale-x: 1; --tw-scale-y: 1; --tw-scroll-snap-strictness: proximity; --tw-ring-offset-width: 0px; --tw-ring-offset-color: #fff; --tw-ring-color: rgba(69,89,164,.5); --tw-ring-offset-shadow: 0 0 transparent; --tw-ring-shadow: 0 0 transparent; --tw-shadow: 0 0 transparent; --tw-shadow-colored: 0 0 transparent; margin: 0px;\">数据可视化：能够将分析结果以图表、图形等形式进行可视化展示，向非技术人员传达复杂数据分析结果。</p>\n</li>\n<li style=\"border: 0px solid #e3e3e3; box-sizing: border-box; --tw-border-spacing-x: 0; --tw-border-spacing-y: 0; --tw-translate-x: 0; --tw-translate-y: 0; --tw-rotate: 0; --tw-skew-x: 0; --tw-skew-y: 0; --tw-scale-x: 1; --tw-scale-y: 1; --tw-scroll-snap-strictness: proximity; --tw-ring-offset-width: 0px; --tw-ring-offset-color: #fff; --tw-ring-color: rgba(69,89,164,.5); --tw-ring-offset-shadow: 0 0 transparent; --tw-ring-shadow: 0 0 transparent; --tw-shadow: 0 0 transparent; --tw-shadow-colored: 0 0 transparent; margin-bottom: 0px; margin-top: 0px; padding-left: 0.375em; counter-increment: list-number 1; display: block; min-height: 28px;\">\n<p style=\"border: 0px solid #e3e3e3; box-sizing: border-box; --tw-border-spacing-x: 0; --tw-border-spacing-y: 0; --tw-translate-x: 0; --tw-translate-y: 0; --tw-rotate: 0; --tw-skew-x: 0; --tw-skew-y: 0; --tw-scale-x: 1; --tw-scale-y: 1; --tw-scroll-snap-strictness: proximity; --tw-ring-offset-width: 0px; --tw-ring-offset-color: #fff; --tw-ring-color: rgba(69,89,164,.5); --tw-ring-offset-shadow: 0 0 transparent; --tw-ring-shadow: 0 0 transparent; --tw-shadow: 0 0 transparent; --tw-shadow-colored: 0 0 transparent; margin: 0px;\">业务理解能力：理解业务需求和业务流程，能够将数据分析结果与业务问题相结合，提出有效的解决方案。</p>\n</li>\n<li style=\"border: 0px solid #e3e3e3; box-sizing: border-box; --tw-border-spacing-x: 0; --tw-border-spacing-y: 0; --tw-translate-x: 0; --tw-translate-y: 0; --tw-rotate: 0; --tw-skew-x: 0; --tw-skew-y: 0; --tw-scale-x: 1; --tw-scale-y: 1; --tw-scroll-snap-strictness: proximity; --tw-ring-offset-width: 0px; --tw-ring-offset-color: #fff; --tw-ring-color: rgba(69,89,164,.5); --tw-ring-offset-shadow: 0 0 transparent; --tw-ring-shadow: 0 0 transparent; --tw-shadow: 0 0 transparent; --tw-shadow-colored: 0 0 transparent; margin-bottom: 0px; margin-top: 0px; padding-left: 0.375em; counter-increment: list-number 1; display: block; min-height: 28px;\">\n<p style=\"border: 0px solid #e3e3e3; box-sizing: border-box; --tw-border-spacing-x: 0; --tw-border-spacing-y: 0; --tw-translate-x: 0; --tw-translate-y: 0; --tw-rotate: 0; --tw-skew-x: 0; --tw-skew-y: 0; --tw-scale-x: 1; --tw-scale-y: 1; --tw-scroll-snap-strictness: proximity; --tw-ring-offset-width: 0px; --tw-ring-offset-color: #fff; --tw-ring-color: rgba(69,89,164,.5); --tw-ring-offset-shadow: 0 0 transparent; --tw-ring-shadow: 0 0 transparent; --tw-shadow: 0 0 transparent; --tw-shadow-colored: 0 0 transparent; margin: 0px;\">沟通和表达能力：具备良好的沟通和表达能力，能够与团队成员和业务人员进行有效的沟通和协作。</p>\n</li>\n<li style=\"border: 0px solid #e3e3e3; box-sizing: border-box; --tw-border-spacing-x: 0; --tw-border-spacing-y: 0; --tw-translate-x: 0; --tw-translate-y: 0; --tw-rotate: 0; --tw-skew-x: 0; --tw-skew-y: 0; --tw-scale-x: 1; --tw-scale-y: 1; --tw-scroll-snap-strictness: proximity; --tw-ring-offset-width: 0px; --tw-ring-offset-color: #fff; --tw-ring-color: rgba(69,89,164,.5); --tw-ring-offset-shadow: 0 0 transparent; --tw-ring-shadow: 0 0 transparent; --tw-shadow: 0 0 transparent; --tw-shadow-colored: 0 0 transparent; margin-bottom: 0px; margin-top: 0px; padding-left: 0.375em; counter-increment: list-number 1; display: block; min-height: 28px;\">\n<p style=\"border: 0px solid #e3e3e3; box-sizing: border-box; --tw-border-spacing-x: 0; --tw-border-spacing-y: 0; --tw-translate-x: 0; --tw-translate-y: 0; --tw-rotate: 0; --tw-skew-x: 0; --tw-skew-y: 0; --tw-scale-x: 1; --tw-scale-y: 1; --tw-scroll-snap-strictness: proximity; --tw-ring-offset-width: 0px; --tw-ring-offset-color: #fff; --tw-ring-color: rgba(69,89,164,.5); --tw-ring-offset-shadow: 0 0 transparent; --tw-ring-shadow: 0 0 transparent; --tw-shadow: 0 0 transparent; --tw-shadow-colored: 0 0 transparent; margin: 0px;\">快速学习能力：数据分析领域发展迅速，需要具备快速学习新技术和工具的能力，保持持续学习的态度。</p>\n</li>\n<li style=\"border: 0px solid #e3e3e3; box-sizing: border-box; --tw-border-spacing-x: 0; --tw-border-spacing-y: 0; --tw-translate-x: 0; --tw-translate-y: 0; --tw-rotate: 0; --tw-skew-x: 0; --tw-skew-y: 0; --tw-scale-x: 1; --tw-scale-y: 1; --tw-scroll-snap-strictness: proximity; --tw-ring-offset-width: 0px; --tw-ring-offset-color: #fff; --tw-ring-color: rgba(69,89,164,.5); --tw-ring-offset-shadow: 0 0 transparent; --tw-ring-shadow: 0 0 transparent; --tw-shadow: 0 0 transparent; --tw-shadow-colored: 0 0 transparent; margin-bottom: 0px; margin-top: 0px; padding-left: 0.375em; counter-increment: list-number 1; display: block; min-height: 28px;\">\n<p style=\"border: 0px solid #e3e3e3; box-sizing: border-box; --tw-border-spacing-x: 0; --tw-border-spacing-y: 0; --tw-translate-x: 0; --tw-translate-y: 0; --tw-rotate: 0; --tw-skew-x: 0; --tw-skew-y: 0; --tw-scale-x: 1; --tw-scale-y: 1; --tw-scroll-snap-strictness: proximity; --tw-ring-offset-width: 0px; --tw-ring-offset-color: #fff; --tw-ring-color: rgba(69,89,164,.5); --tw-ring-offset-shadow: 0 0 transparent; --tw-ring-shadow: 0 0 transparent; --tw-shadow: 0 0 transparent; --tw-shadow-colored: 0 0 transparent; margin: 0px;\">团队合作精神：能够与团队成员协作，共同解决问题，实现团队目标。</p>\n</li>\n</ol>', '1', 'http://localhost:9528/src/static/img/recruit/recruitment/1710849636545.jpg', '5', '2024-03-12 14:43:21', '2024-03-21 16:57:22');
INSERT INTO `recruitment` VALUES ('56', '天津力神电池股份有限公司', '人工智能工程师', '20k-40k', '北京', '3年', '博士', '负责公司的人力资源管理和招聘', '1', 'http://localhost:9528/src/static/img/recruit/recruitment/1710849636545.jpg', '5', '2024-03-12 14:43:21', '2024-03-21 16:58:02');
INSERT INTO `recruitment` VALUES ('57', '华勒有限公司', '测试工程师', '10k-18k', '深圳', '1年', '本科', '<p>职位要求：<br />1. 计算机或相关专业本科及以上学历，具备1-3年测试经验；<br />2. 熟练掌握测试工具和测试方法，如JUnit、TestNG、Postman等；<br />3. 熟悉常用的测试策略，如黑盒测试、白盒测试、兼容性测试等；<br />4. 了解Linux操作系统，能够进行简单的Linux命令操作；<br />5. 具备良好的编程能力和代码风格，能编写可读性高的测试用例；<br />6. 具备良好的沟通和团队协作能力，能与开发人员、产品经理等角色协作完成项目；<br />7. 关注测试技术的发展，持续学习新知识，能将新知识应用到测试中。</p>\n<p>优先考虑：<br />1. 有测试项目经验者优先；<br />2. 具备自动化测试经验者优先；<br />3. 具备性能测试经验者优先；<br />4. 具备测试工具开发经验者优先。</p>', '1', 'http://localhost:9528/src/static/img/recruit/recruitment/华勤230-145.jpg', '6', '2024-03-12 14:43:21', '2024-03-21 16:58:35');
INSERT INTO `recruitment` VALUES ('58', '华勒有限公司', '网络安全工程师', '15k-25k', '广州', '2年', '硕士', '<p>职位要求：<br />1. 计算机或相关专业本科及以上学历，具备1-3年运维经验；<br />2. 熟练掌握Linux操作系统，能够进行复杂的Linux命令操作；<br />3. 熟悉网络知识，如TCP/IP协议、路由交换等；<br />4. 熟悉常见缓存技术，如Redis、Memcached等；<br />5. 熟悉自动化运维工具，如Ansible、SaltStack等；<br />6. 具备良好的沟通和团队协作能力，能与开发人员、测试人员等角色协作完成项目；<br />7. 关注运维技术的发展，持续学习新知识，能将新知识应用到项目中。</p>\n<p>优先考虑：<br />1. 有Linux系统管理经验者优先；<br />2. 具备网络管理经验者优先；<br />3. 具备缓存技术经验者优先；<br />4. 具备自动化运维经验者优先。</p>', '1', 'http://localhost:9528/src/static/img/recruit/recruitment/华勤230-145.jpg', '6', '2024-03-12 14:43:21', '2024-03-21 16:59:09');
INSERT INTO `recruitment` VALUES ('59', '华勒有限公司', '软件架构师', '20k-35k', '北京', '3年', '博士', '<p>1、熟练掌握HTML5、CSS3、JavaScript等前端技术，了解Web语义化，熟悉W3C标准；<br />2、熟练使用Vue.js、React.js、Angular.js等前端框架，并了解其原理和最佳实践；<br />3、熟练使用Ajax、Fetch等HTTP请求库，了解前后端分离的原理和实现方式；<br />4、熟练使用Webpack、Gulp等构建工具，了解模块化、组件化的开发方式；<br />5、了解移动端开发，能解决不同设备上的兼容性问题；<br />6、了解UI/UX设计，能与设计师协作完成产品设计；<br />7、具备良好的编程能力和代码风格，能编写可维护的代码；<br />8、具备良好的沟通和团队协作能力，能与后端开发、产品经理等角色协作完成项目；</p>\n<p>&nbsp;</p>', '1', 'http://localhost:9528/src/static/img/recruit/recruitment/华勤230-145.jpg', '6', '2024-03-12 14:43:21', '2024-03-13 20:45:16');
INSERT INTO `recruitment` VALUES ('61', '中国建设银行北京分行', '前端开发工程师', '18k-35k', '北京', '2年', '本科', '<p>1、熟练掌握HTML5、CSS3、JavaScript等前端技术，了解Web语义化，熟悉W3C标准；<br />2、熟练使用Vue.js、React.js、Angular.js等前端框架，并了解其原理和最佳实践；<br />3、熟练使用Ajax、Fetch等HTTP请求库，了解前后端分离的原理和实现方式；<br />4、熟练使用Webpack、Gulp等构建工具，了解模块化、组件化的开发方式；<br />5、了解移动端开发，能解决不同设备上的兼容性问题；<br />6、了解UI/UX设计，能与设计师协作完成产品设计；<br />7、具备良好的编程能力和代码风格，能编写可维护的代码；<br />8、具备良好的沟通和团队协作能力，能与后端开发、产品经理等角色协作完成项目；</p>\n<p>&nbsp;</p>', '1', 'http://localhost:9528/src/static/img/recruit/recruitment/中国建设银行.jpg', '7', '2024-03-26 00:50:02', '2024-03-26 00:50:02');
INSERT INTO `recruitment` VALUES ('62', '中国建设银行北京分行', '数据分析师', '20k-40k', '北京', '4年', '硕士', '<ol style=\"border: 0px solid #e3e3e3; box-sizing: border-box; --tw-border-spacing-x: 0; --tw-border-spacing-y: 0; --tw-translate-x: 0; --tw-translate-y: 0; --tw-rotate: 0; --tw-skew-x: 0; --tw-skew-y: 0; --tw-scale-x: 1; --tw-scale-y: 1; --tw-scroll-snap-strictness: proximity; --tw-ring-offset-width: 0px; --tw-ring-offset-color: #fff; --tw-ring-color: rgba(69,89,164,.5); --tw-ring-offset-shadow: 0 0 transparent; --tw-ring-shadow: 0 0 transparent; --tw-shadow: 0 0 transparent; --tw-shadow-colored: 0 0 transparent; list-style: none; margin: 1.25em 0px; padding: 0px; counter-reset: list-number 0; display: flex; flex-direction: column; color: #0d0d0d; font-family: S&ouml;hne, ui-sans-serif, system-ui, -apple-system, \'Segoe UI\', Roboto, Ubuntu, Cantarell, \'Noto Sans\', sans-serif, \'Helvetica Neue\', Arial, \'Apple Color Emoji\', \'Segoe UI Emoji\', \'Segoe UI Symbol\', \'Noto Color Emoji\'; font-size: 16px; font-style: normal; font-variant-ligatures: normal; font-variant-caps: normal; font-weight: 400; letter-spacing: normal; orphans: 2; text-align: start; text-indent: 0px; text-transform: none; widows: 2; word-spacing: 0px; -webkit-text-stroke-width: 0px; white-space: pre-wrap; background-color: #ffffff; text-decoration-thickness: initial; text-decoration-style: initial; text-decoration-color: initial;\">\n<li style=\"border: 0px solid #e3e3e3; box-sizing: border-box; --tw-border-spacing-x: 0; --tw-border-spacing-y: 0; --tw-translate-x: 0; --tw-translate-y: 0; --tw-rotate: 0; --tw-skew-x: 0; --tw-skew-y: 0; --tw-scale-x: 1; --tw-scale-y: 1; --tw-scroll-snap-strictness: proximity; --tw-ring-offset-width: 0px; --tw-ring-offset-color: #fff; --tw-ring-color: rgba(69,89,164,.5); --tw-ring-offset-shadow: 0 0 transparent; --tw-ring-shadow: 0 0 transparent; --tw-shadow: 0 0 transparent; --tw-shadow-colored: 0 0 transparent; margin-bottom: 0px; margin-top: 0px; padding-left: 0.375em; counter-increment: list-number 1; display: block; min-height: 28px;\">\n<p style=\"border: 0px solid #e3e3e3; box-sizing: border-box; --tw-border-spacing-x: 0; --tw-border-spacing-y: 0; --tw-translate-x: 0; --tw-translate-y: 0; --tw-rotate: 0; --tw-skew-x: 0; --tw-skew-y: 0; --tw-scale-x: 1; --tw-scale-y: 1; --tw-scroll-snap-strictness: proximity; --tw-ring-offset-width: 0px; --tw-ring-offset-color: #fff; --tw-ring-color: rgba(69,89,164,.5); --tw-ring-offset-shadow: 0 0 transparent; --tw-ring-shadow: 0 0 transparent; --tw-shadow: 0 0 transparent; --tw-shadow-colored: 0 0 transparent; margin: 0px;\">数据分析能力：能够收集、整理、分析和解释大量数据，从中发现趋势、模式和见解。</p>\n</li>\n<li style=\"border: 0px solid #e3e3e3; box-sizing: border-box; --tw-border-spacing-x: 0; --tw-border-spacing-y: 0; --tw-translate-x: 0; --tw-translate-y: 0; --tw-rotate: 0; --tw-skew-x: 0; --tw-skew-y: 0; --tw-scale-x: 1; --tw-scale-y: 1; --tw-scroll-snap-strictness: proximity; --tw-ring-offset-width: 0px; --tw-ring-offset-color: #fff; --tw-ring-color: rgba(69,89,164,.5); --tw-ring-offset-shadow: 0 0 transparent; --tw-ring-shadow: 0 0 transparent; --tw-shadow: 0 0 transparent; --tw-shadow-colored: 0 0 transparent; margin-bottom: 0px; margin-top: 0px; padding-left: 0.375em; counter-increment: list-number 1; display: block; min-height: 28px;\">\n<p style=\"border: 0px solid #e3e3e3; box-sizing: border-box; --tw-border-spacing-x: 0; --tw-border-spacing-y: 0; --tw-translate-x: 0; --tw-translate-y: 0; --tw-rotate: 0; --tw-skew-x: 0; --tw-skew-y: 0; --tw-scale-x: 1; --tw-scale-y: 1; --tw-scroll-snap-strictness: proximity; --tw-ring-offset-width: 0px; --tw-ring-offset-color: #fff; --tw-ring-color: rgba(69,89,164,.5); --tw-ring-offset-shadow: 0 0 transparent; --tw-ring-shadow: 0 0 transparent; --tw-shadow: 0 0 transparent; --tw-shadow-colored: 0 0 transparent; margin: 0px;\">数据处理工具：熟练使用数据处理工具和软件，例如SQL、Python、R、Excel等，以及数据可视化工具如Tableau、Power BI等。</p>\n</li>\n<li style=\"border: 0px solid #e3e3e3; box-sizing: border-box; --tw-border-spacing-x: 0; --tw-border-spacing-y: 0; --tw-translate-x: 0; --tw-translate-y: 0; --tw-rotate: 0; --tw-skew-x: 0; --tw-skew-y: 0; --tw-scale-x: 1; --tw-scale-y: 1; --tw-scroll-snap-strictness: proximity; --tw-ring-offset-width: 0px; --tw-ring-offset-color: #fff; --tw-ring-color: rgba(69,89,164,.5); --tw-ring-offset-shadow: 0 0 transparent; --tw-ring-shadow: 0 0 transparent; --tw-shadow: 0 0 transparent; --tw-shadow-colored: 0 0 transparent; margin-bottom: 0px; margin-top: 0px; padding-left: 0.375em; counter-increment: list-number 1; display: block; min-height: 28px;\">\n<p style=\"border: 0px solid #e3e3e3; box-sizing: border-box; --tw-border-spacing-x: 0; --tw-border-spacing-y: 0; --tw-translate-x: 0; --tw-translate-y: 0; --tw-rotate: 0; --tw-skew-x: 0; --tw-skew-y: 0; --tw-scale-x: 1; --tw-scale-y: 1; --tw-scroll-snap-strictness: proximity; --tw-ring-offset-width: 0px; --tw-ring-offset-color: #fff; --tw-ring-color: rgba(69,89,164,.5); --tw-ring-offset-shadow: 0 0 transparent; --tw-ring-shadow: 0 0 transparent; --tw-shadow: 0 0 transparent; --tw-shadow-colored: 0 0 transparent; margin: 0px;\">数据挖掘和统计学知识：了解数据挖掘技术和统计学原理，包括回归分析、聚类分析、决策树等。</p>\n</li>\n<li style=\"border: 0px solid #e3e3e3; box-sizing: border-box; --tw-border-spacing-x: 0; --tw-border-spacing-y: 0; --tw-translate-x: 0; --tw-translate-y: 0; --tw-rotate: 0; --tw-skew-x: 0; --tw-skew-y: 0; --tw-scale-x: 1; --tw-scale-y: 1; --tw-scroll-snap-strictness: proximity; --tw-ring-offset-width: 0px; --tw-ring-offset-color: #fff; --tw-ring-color: rgba(69,89,164,.5); --tw-ring-offset-shadow: 0 0 transparent; --tw-ring-shadow: 0 0 transparent; --tw-shadow: 0 0 transparent; --tw-shadow-colored: 0 0 transparent; margin-bottom: 0px; margin-top: 0px; padding-left: 0.375em; counter-increment: list-number 1; display: block; min-height: 28px;\">\n<p style=\"border: 0px solid #e3e3e3; box-sizing: border-box; --tw-border-spacing-x: 0; --tw-border-spacing-y: 0; --tw-translate-x: 0; --tw-translate-y: 0; --tw-rotate: 0; --tw-skew-x: 0; --tw-skew-y: 0; --tw-scale-x: 1; --tw-scale-y: 1; --tw-scroll-snap-strictness: proximity; --tw-ring-offset-width: 0px; --tw-ring-offset-color: #fff; --tw-ring-color: rgba(69,89,164,.5); --tw-ring-offset-shadow: 0 0 transparent; --tw-ring-shadow: 0 0 transparent; --tw-shadow: 0 0 transparent; --tw-shadow-colored: 0 0 transparent; margin: 0px;\">数据清洗和预处理：具备数据清洗和预处理的能力，能够处理缺失值、异常值、重复值等，并进行数据格式转换和标准化。</p>\n</li>\n<li style=\"border: 0px solid #e3e3e3; box-sizing: border-box; --tw-border-spacing-x: 0; --tw-border-spacing-y: 0; --tw-translate-x: 0; --tw-translate-y: 0; --tw-rotate: 0; --tw-skew-x: 0; --tw-skew-y: 0; --tw-scale-x: 1; --tw-scale-y: 1; --tw-scroll-snap-strictness: proximity; --tw-ring-offset-width: 0px; --tw-ring-offset-color: #fff; --tw-ring-color: rgba(69,89,164,.5); --tw-ring-offset-shadow: 0 0 transparent; --tw-ring-shadow: 0 0 transparent; --tw-shadow: 0 0 transparent; --tw-shadow-colored: 0 0 transparent; margin-bottom: 0px; margin-top: 0px; padding-left: 0.375em; counter-increment: list-number 1; display: block; min-height: 28px;\">\n<p style=\"border: 0px solid #e3e3e3; box-sizing: border-box; --tw-border-spacing-x: 0; --tw-border-spacing-y: 0; --tw-translate-x: 0; --tw-translate-y: 0; --tw-rotate: 0; --tw-skew-x: 0; --tw-skew-y: 0; --tw-scale-x: 1; --tw-scale-y: 1; --tw-scroll-snap-strictness: proximity; --tw-ring-offset-width: 0px; --tw-ring-offset-color: #fff; --tw-ring-color: rgba(69,89,164,.5); --tw-ring-offset-shadow: 0 0 transparent; --tw-ring-shadow: 0 0 transparent; --tw-shadow: 0 0 transparent; --tw-shadow-colored: 0 0 transparent; margin: 0px;\">数据建模和分析：能够建立数据模型，进行预测分析、分类分析、关联分析等，以支持业务决策。</p>\n</li>\n<li style=\"border: 0px solid #e3e3e3; box-sizing: border-box; --tw-border-spacing-x: 0; --tw-border-spacing-y: 0; --tw-translate-x: 0; --tw-translate-y: 0; --tw-rotate: 0; --tw-skew-x: 0; --tw-skew-y: 0; --tw-scale-x: 1; --tw-scale-y: 1; --tw-scroll-snap-strictness: proximity; --tw-ring-offset-width: 0px; --tw-ring-offset-color: #fff; --tw-ring-color: rgba(69,89,164,.5); --tw-ring-offset-shadow: 0 0 transparent; --tw-ring-shadow: 0 0 transparent; --tw-shadow: 0 0 transparent; --tw-shadow-colored: 0 0 transparent; margin-bottom: 0px; margin-top: 0px; padding-left: 0.375em; counter-increment: list-number 1; display: block; min-height: 28px;\">\n<p style=\"border: 0px solid #e3e3e3; box-sizing: border-box; --tw-border-spacing-x: 0; --tw-border-spacing-y: 0; --tw-translate-x: 0; --tw-translate-y: 0; --tw-rotate: 0; --tw-skew-x: 0; --tw-skew-y: 0; --tw-scale-x: 1; --tw-scale-y: 1; --tw-scroll-snap-strictness: proximity; --tw-ring-offset-width: 0px; --tw-ring-offset-color: #fff; --tw-ring-color: rgba(69,89,164,.5); --tw-ring-offset-shadow: 0 0 transparent; --tw-ring-shadow: 0 0 transparent; --tw-shadow: 0 0 transparent; --tw-shadow-colored: 0 0 transparent; margin: 0px;\">数据可视化：能够将分析结果以图表、图形等形式进行可视化展示，向非技术人员传达复杂数据分析结果。</p>\n</li>\n<li style=\"border: 0px solid #e3e3e3; box-sizing: border-box; --tw-border-spacing-x: 0; --tw-border-spacing-y: 0; --tw-translate-x: 0; --tw-translate-y: 0; --tw-rotate: 0; --tw-skew-x: 0; --tw-skew-y: 0; --tw-scale-x: 1; --tw-scale-y: 1; --tw-scroll-snap-strictness: proximity; --tw-ring-offset-width: 0px; --tw-ring-offset-color: #fff; --tw-ring-color: rgba(69,89,164,.5); --tw-ring-offset-shadow: 0 0 transparent; --tw-ring-shadow: 0 0 transparent; --tw-shadow: 0 0 transparent; --tw-shadow-colored: 0 0 transparent; margin-bottom: 0px; margin-top: 0px; padding-left: 0.375em; counter-increment: list-number 1; display: block; min-height: 28px;\">\n<p style=\"border: 0px solid #e3e3e3; box-sizing: border-box; --tw-border-spacing-x: 0; --tw-border-spacing-y: 0; --tw-translate-x: 0; --tw-translate-y: 0; --tw-rotate: 0; --tw-skew-x: 0; --tw-skew-y: 0; --tw-scale-x: 1; --tw-scale-y: 1; --tw-scroll-snap-strictness: proximity; --tw-ring-offset-width: 0px; --tw-ring-offset-color: #fff; --tw-ring-color: rgba(69,89,164,.5); --tw-ring-offset-shadow: 0 0 transparent; --tw-ring-shadow: 0 0 transparent; --tw-shadow: 0 0 transparent; --tw-shadow-colored: 0 0 transparent; margin: 0px;\">业务理解能力：理解业务需求和业务流程，能够将数据分析结果与业务问题相结合，提出有效的解决方案。</p>\n</li>\n<li style=\"border: 0px solid #e3e3e3; box-sizing: border-box; --tw-border-spacing-x: 0; --tw-border-spacing-y: 0; --tw-translate-x: 0; --tw-translate-y: 0; --tw-rotate: 0; --tw-skew-x: 0; --tw-skew-y: 0; --tw-scale-x: 1; --tw-scale-y: 1; --tw-scroll-snap-strictness: proximity; --tw-ring-offset-width: 0px; --tw-ring-offset-color: #fff; --tw-ring-color: rgba(69,89,164,.5); --tw-ring-offset-shadow: 0 0 transparent; --tw-ring-shadow: 0 0 transparent; --tw-shadow: 0 0 transparent; --tw-shadow-colored: 0 0 transparent; margin-bottom: 0px; margin-top: 0px; padding-left: 0.375em; counter-increment: list-number 1; display: block; min-height: 28px;\">\n<p style=\"border: 0px solid #e3e3e3; box-sizing: border-box; --tw-border-spacing-x: 0; --tw-border-spacing-y: 0; --tw-translate-x: 0; --tw-translate-y: 0; --tw-rotate: 0; --tw-skew-x: 0; --tw-skew-y: 0; --tw-scale-x: 1; --tw-scale-y: 1; --tw-scroll-snap-strictness: proximity; --tw-ring-offset-width: 0px; --tw-ring-offset-color: #fff; --tw-ring-color: rgba(69,89,164,.5); --tw-ring-offset-shadow: 0 0 transparent; --tw-ring-shadow: 0 0 transparent; --tw-shadow: 0 0 transparent; --tw-shadow-colored: 0 0 transparent; margin: 0px;\">沟通和表达能力：具备良好的沟通和表达能力，能够与团队成员和业务人员进行有效的沟通和协作。</p>\n</li>\n<li style=\"border: 0px solid #e3e3e3; box-sizing: border-box; --tw-border-spacing-x: 0; --tw-border-spacing-y: 0; --tw-translate-x: 0; --tw-translate-y: 0; --tw-rotate: 0; --tw-skew-x: 0; --tw-skew-y: 0; --tw-scale-x: 1; --tw-scale-y: 1; --tw-scroll-snap-strictness: proximity; --tw-ring-offset-width: 0px; --tw-ring-offset-color: #fff; --tw-ring-color: rgba(69,89,164,.5); --tw-ring-offset-shadow: 0 0 transparent; --tw-ring-shadow: 0 0 transparent; --tw-shadow: 0 0 transparent; --tw-shadow-colored: 0 0 transparent; margin-bottom: 0px; margin-top: 0px; padding-left: 0.375em; counter-increment: list-number 1; display: block; min-height: 28px;\">\n<p style=\"border: 0px solid #e3e3e3; box-sizing: border-box; --tw-border-spacing-x: 0; --tw-border-spacing-y: 0; --tw-translate-x: 0; --tw-translate-y: 0; --tw-rotate: 0; --tw-skew-x: 0; --tw-skew-y: 0; --tw-scale-x: 1; --tw-scale-y: 1; --tw-scroll-snap-strictness: proximity; --tw-ring-offset-width: 0px; --tw-ring-offset-color: #fff; --tw-ring-color: rgba(69,89,164,.5); --tw-ring-offset-shadow: 0 0 transparent; --tw-ring-shadow: 0 0 transparent; --tw-shadow: 0 0 transparent; --tw-shadow-colored: 0 0 transparent; margin: 0px;\">快速学习能力：数据分析领域发展迅速，需要具备快速学习新技术和工具的能力，保持持续学习的态度。</p>\n</li>\n<li style=\"border: 0px solid #e3e3e3; box-sizing: border-box; --tw-border-spacing-x: 0; --tw-border-spacing-y: 0; --tw-translate-x: 0; --tw-translate-y: 0; --tw-rotate: 0; --tw-skew-x: 0; --tw-skew-y: 0; --tw-scale-x: 1; --tw-scale-y: 1; --tw-scroll-snap-strictness: proximity; --tw-ring-offset-width: 0px; --tw-ring-offset-color: #fff; --tw-ring-color: rgba(69,89,164,.5); --tw-ring-offset-shadow: 0 0 transparent; --tw-ring-shadow: 0 0 transparent; --tw-shadow: 0 0 transparent; --tw-shadow-colored: 0 0 transparent; margin-bottom: 0px; margin-top: 0px; padding-left: 0.375em; counter-increment: list-number 1; display: block; min-height: 28px;\">\n<p style=\"border: 0px solid #e3e3e3; box-sizing: border-box; --tw-border-spacing-x: 0; --tw-border-spacing-y: 0; --tw-translate-x: 0; --tw-translate-y: 0; --tw-rotate: 0; --tw-skew-x: 0; --tw-skew-y: 0; --tw-scale-x: 1; --tw-scale-y: 1; --tw-scroll-snap-strictness: proximity; --tw-ring-offset-width: 0px; --tw-ring-offset-color: #fff; --tw-ring-color: rgba(69,89,164,.5); --tw-ring-offset-shadow: 0 0 transparent; --tw-ring-shadow: 0 0 transparent; --tw-shadow: 0 0 transparent; --tw-shadow-colored: 0 0 transparent; margin: 0px;\">团队合作精神：能够与团队成员协作，共同解决问题，实现团队目标。</p>\n</li>\n</ol>', '1', 'http://localhost:9528/src/static/img/recruit/recruitment/中国建设银行.jpg', '7', '2024-03-26 00:50:08', '2024-03-26 00:50:08');
INSERT INTO `recruitment` VALUES ('63', '黑龙江飞鹤乳业有限公司', '运维工程师', '10k-20k', '上海', '1年', '本科', '<p>职位要求：<br />1. 计算机或相关专业本科及以上学历，具备1-3年运维经验；<br />2. 熟练掌握Linux操作系统，能够进行复杂的Linux命令操作；<br />3. 熟悉网络知识，如TCP/IP协议、路由交换等；<br />4. 熟悉常见缓存技术，如Redis、Memcached等；<br />5. 熟悉自动化运维工具，如Ansible、SaltStack等；<br />6. 具备良好的沟通和团队协作能力，能与开发人员、测试人员等角色协作完成项目；<br />7. 关注运维技术的发展，持续学习新知识，能将新知识应用到项目中。</p>\n<p>优先考虑：<br />1. 有Linux系统管理经验者优先；<br />2. 具备网络管理经验者优先；<br />3. 具备缓存技术经验者优先；<br />4. 具备自动化运维经验者优先。</p>', '1', 'http://localhost:9528/src/static/img/recruit/recruitment/230.jpg', '8', '2024-03-12 14:43:21', '2024-03-21 16:53:36');
INSERT INTO `recruitment` VALUES ('64', '黑龙江飞鹤乳业有限公司', '财务专员', '8k-15k', '上海', '1年', '本科', '<p>硬技能： 财务专员的硬技能主要是指与财务相关的工作能力，包括会计、审计、税务等方面的知识。</p>\n<p>具体来说，需要具备以下证书或技能： 会计从业资格证书 初级/中级/高级会计师职称 CPA（注册会计师） CFA（特许金融分析师） CIA（国际注册内部审计师） 英语四级/六级</p>\n<p>在使用财务软件方面，需要熟悉以下软件： 金蝶、用友等财务软件 Excel、用Excel进行数据分析和处理 财务报告的编写和分析</p>\n<p>软技能： 财务专员的软技能主要是指除了工作能力之外的能力，包括个人素质和职业操守等方面。具体来说，需要具备以下素</p>', '1', 'http://localhost:9528/src/static/img/recruit/recruitment/230.jpg', '8', '2024-03-12 14:43:21', '2024-03-27 17:00:42');
INSERT INTO `recruitment` VALUES ('65', '黑龙江飞鹤乳业有限公司', '人力资源助理', '8k-15k', '上海', '1年', '大专', '<p>协助HR进行一些基础性工作的职位。其主要工作内容涉及员工档案管理、员工考勤管理、员工招聘、员工培训、薪资计算、绩效考核等多个方面。<br />员工档案管理：负责员工档案的建立、更新和维护，确保员工档案的完整性和准确性。<br />员工考勤管理：负责员工考勤数据的收集、整理和统计，确保考勤数据的准确性和及时性。<br />员工招聘：协助HR进行招聘信息的发布、简历筛选、面试安排等工作，加速招聘流程，提高招聘效率。<br />员工培训：协助HR进行员工培训方案的制定、组织与实施，确保员工培训的有效性和落地性。<br />薪资计算：协助HR进行员工薪资的计算和发放，确保薪资计算的准确性和及时性。<br />绩效考核：协助HR进行员工绩效考核方案的制定、实施和反馈，确保绩效考核的公平性和有效性。</p>', '1', 'http://localhost:9528/src/static/img/recruit/recruitment/230.jpg', '8', '2024-03-12 14:43:21', '2024-03-27 17:04:54');

-- ----------------------------
-- Table structure for recruitment_company
-- ----------------------------
DROP TABLE IF EXISTS `recruitment_company`;
CREATE TABLE `recruitment_company` (
  `id` int NOT NULL AUTO_INCREMENT,
  `name` varchar(255) CHARACTER SET utf8mb3 COLLATE utf8mb3_general_ci DEFAULT NULL,
  `address` varchar(255) CHARACTER SET utf8mb3 COLLATE utf8mb3_general_ci DEFAULT NULL,
  `phone` varchar(20) CHARACTER SET utf8mb3 COLLATE utf8mb3_general_ci DEFAULT NULL,
  `email` varchar(50) CHARACTER SET utf8mb3 COLLATE utf8mb3_general_ci DEFAULT NULL,
  `website` varchar(50) CHARACTER SET utf8mb3 COLLATE utf8mb3_general_ci DEFAULT NULL,
  `description` text CHARACTER SET utf8mb3 COLLATE utf8mb3_general_ci,
  `logo` varchar(255) CHARACTER SET utf8mb3 COLLATE utf8mb3_general_ci DEFAULT NULL,
  `gmt_create` datetime NOT NULL DEFAULT CURRENT_TIMESTAMP,
  `gmt_modified` datetime NOT NULL DEFAULT CURRENT_TIMESTAMP ON UPDATE CURRENT_TIMESTAMP,
  PRIMARY KEY (`id`) USING BTREE
) ENGINE=InnoDB AUTO_INCREMENT=21 DEFAULT CHARSET=utf8mb3 ROW_FORMAT=DYNAMIC;

-- ----------------------------
-- Records of recruitment_company
-- ----------------------------
INSERT INTO `recruitment_company` VALUES ('1', '中国工商银行浙江分行', '浙江省杭州市拱墅区庆春路90号', ' 0571-87227362', '123456@qq.com', 'https://job.icbc.com.cn/pc/index.html', '中国工商银行浙江省分行现辖745个分支机构，在职员工1.8万多人。近年来，在中国工商银行总行和浙江省委省政府的领导下，在社会各界和广大客户的关心支持下，全行各项业务稳健、持续、健康发展，综合实力和竞争能力不断增强。中国工商银行浙江省分行将在新的高度和新的起点上，继续坚持以科学发展观为统领，加快业务创新，提升服务价值，强化基础管理，培育一流人才，竭诚为广大客户和社会各界奉献一流的服务，在建设现代金融企业道路上不断迈出新的更大步伐！', 'http://localhost:9528/src/static/img/recruit/company/工行.jpg', '2024-03-19 21:58:59', '2024-03-20 13:12:40');
INSERT INTO `recruitment_company` VALUES ('2', '米哈游天命有限公司', '上海市徐汇区宜山路700号9幢楼2楼201单元', '021-54216666', '123456@qq.com', 'https://www.mihoyo.com/', '上海米哈游天命科技有限公司成立于2017年05月17日，注册地位于上海市徐汇区宜山路700号9幢楼2楼201单元，法定代表人为于晨曦。经营范围包括许可项目：第二类增值电信业务。（依法须经批准的项目，经相关部门批准后方可开展经营活动，具体经营项目以相关部门批准文件或许可证件为准） 一般项目：技术开发、技术咨询、技术转让、技术服务、技术交流、技术推广，电子商务（不得从事增值电信、金融业务），专业设计服务，信息咨询服务（不含许可类信息咨询服务），社会经济咨询服务，图文设计制作，计算机、软硬件及辅助设备的销售，货物进出口，技术进出口。（除依法须经批准的项目外，凭营业执照依法自主开展经营活动）上海米哈游天命科技有限公司对外投资4家公司，具有1处分支机构。', 'http://localhost:9528/src/static/img/recruit/company/mihoyo.jpg', '2024-03-19 21:59:45', '2024-03-27 16:52:52');
INSERT INTO `recruitment_company` VALUES ('3', '汉高', '上海浦东新区张江科苑路399号1号楼', ' 0571-87227362', '123456@qq.com', 'https://www.tryloctite.cn/', '汉高在全球范围内经营均衡且多元化的业务组合。通过强大的品牌、卓越的创新和先进的技术，汉高在中国及全球的工业和消费品领域中确立了领先地位。粘合剂技术业务部是全球粘合剂、密封剂和功能性涂料市场的领导者。消费品牌业务部在中国及全球众多市场的美发和洗涂剂及家用护理领域占据领先地位。汉高拥有众多著名国际品牌，如施华蔻(Schwarzkopf)、乐泰(Loctite）、宝莹 (Persil)等。', 'http://localhost:9528/src/static/img/recruit/company/汉高标准logo.jpg', '2024-03-19 21:59:48', '2024-03-27 16:54:10');
INSERT INTO `recruitment_company` VALUES ('4', '海天', '广东省佛山市禅城区文沙路16号', '021-54216666', '123456@qq.com', 'https://www.haitian-food.com/', '      海天，是享誉全球、深受亿万家庭熟悉和信赖的调味产业王国，是产研一体、聚集高端科研资源的创新平台，是智能制造、高精尖装备全覆盖的现代化产业集团，是多元化发展、致力于打造国际化顶尖食品企业的上市集团（股票代码603288）。\r\n\r\n       海天产品涵盖酱油、蚝油、酱、醋、料酒、调味汁、鸡精、鸡粉、腐乳、火锅底料等十几大系列百余品种500多规格，年产值超过两百亿元。海天调味品的产销量及收入连续多年名列行业第一，其中海天酱油已连续25年稳居全国第一，并遥遥领先。海天产品不但畅销国内市场，还出口全球80多个国家和地区。\r\n\r\n       多年来，海天囊括“中国民企500强”、“中国上市公司500强”、“中国品牌力指数C-BPI多项第一品牌”、“福布斯全球最佳雇主”、“中国年度最佳雇主”等多项荣誉。   \r\n\r\n       未来的海天，立足于中国调味品行业的文化沃土，面向全球发展多元化业务，致力于打造国际化顶尖食品企业，传扬美食文化，让更多人享受美味的欢乐，让更多家庭感受生活的美满！', 'http://localhost:9528/src/static/img/recruit/company/海天.jpg', '2024-03-19 21:59:50', '2024-03-27 16:54:14');
INSERT INTO `recruitment_company` VALUES ('5', '天津力神电池股份有限公司', '中国天津市华苑产业园区兰苑路6号', ' 0571-87227362', '123456@qq.com', 'https://www.lishen.com.cn/', '天津力神电池股份有限公司是一家国有控股的国家高新技术企业，创立于1997年12月25日，\r\n注册资本约19.3亿元，是国内首家锂离子电池研发与制造企业，拥有超过26年锂离子电池研发与制造经验。\r\n已具有31GWh锂离子蓄电池的年生产能力，国际高端市场占有率位居全球锂电行业前列', 'http://localhost:9528/src/static/img/recruit/company/1710849636545.jpg', '2024-03-19 21:59:51', '2024-03-27 16:55:00');
INSERT INTO `recruitment_company` VALUES ('6', '华勒有限公司', '上海浦东新区张江科苑路399号1号楼', '021-54216666', '123456@qq.com', 'http://www.shhuale.com/xwzx/', '公司简介\r\n华勤技术创立于2005年，总部位于中国·上海，是全球领先的智能硬件平台型企业。秉承“改善人们沟通与生活”的使命，为全球科技品牌客户提供产品级、系统级、软硬件研发、运营制造的端到端服务。产品、服务惠及全球100+国家和地区，覆盖全球80+运营商，每年为亿万消费者提供数以亿计的智能终端产品，包括智能手机、平板、电脑、智能穿戴、AIot，数据中心产品，汽车电子等。', 'http://localhost:9528/src/static/img/recruit/company/华勤230-145.jpg', '2024-03-19 21:59:52', '2024-03-27 16:55:38');
INSERT INTO `recruitment_company` VALUES ('7', '中国建设银行北京分行', '北京金融大街25号', ' 0571-87227362', '123456@qq.com', 'http://gold1.ccb.com/bj/cn/', '中国建设银行（China Construction Bank）资产总额37.85万亿元， [162]前身为成立于1954年10月1日的中国人民建设银行（后于1996年3月26日正式更名为中国建设银行） [105]。总行位于北京金融大街25号， [1-2]是中央管理的国有大型商业银行， [3] [121]国家副部级单位。中国建设银行主要经营领域包括公司银行业务、个人银行业务和资金业务，在29个国家和地区设有分支机构及子公司，拥有基金、租赁、信托、人寿、财险、投行、期货、养老金等多个行业的子公司。', 'http://localhost:9528/src/static/img/recruit/company/中国建设银行.jpg', '2024-03-19 21:59:53', '2024-03-27 16:56:29');
INSERT INTO `recruitment_company` VALUES ('8', '黑龙江飞鹤乳业有限公司', '黑龙江省齐齐哈尔市', '021-54216666', '123456@qq.com', 'https://www.feihe.com/', '飞鹤始建于1962年，从丹顶鹤故乡黑龙江齐齐哈尔起步，是中国最早的奶粉企业之一。60年来 [43]，飞鹤一直专注于针对中国人体质研制奶粉，对中国宝宝体质特点及需求展开大量研究\r\n飞鹤不惜成本用了10年时间，在北纬47度世界黄金奶源带上打造了中国婴幼儿奶粉行业第一条完整的全产业链。中国飞鹤有限公司（股票代码06186.HK）（以下简称“飞鹤”或“中国飞鹤”）于11月13日在香港联合交易所主板正式挂牌上市，并创下港股乳制品行业最大募资规模记录。 [1]旗下拥有星飞帆、臻爱倍护 [2]、飞帆等系列产品，飞鹤——专注做更适合中国宝宝体质的奶粉。 [3]', 'http://localhost:9528/src/static/img/recruit/company/230.jpg', '2024-03-19 21:59:54', '2024-03-27 16:56:52');
INSERT INTO `recruitment_company` VALUES ('9', '公司I', '北京金融大街25号', ' 0571-87227362', '123456@qq.com', 'https://xiaoyuan.zhaopin.com', '公司', 'http://localhost:9528/src/static/img/recruit/company/shichang.jpg', '2024-03-19 21:59:56', '2024-03-20 13:13:26');
INSERT INTO `recruitment_company` VALUES ('10', '11', '北京金融大街25号', '021-54216666', '123456@qq.com', 'https://xiaoyuan.zhaopin.com', '<p>柴郡柴郡</p>', 'http://localhost:9528/src/static/img/recruit/company/chaijun.jpg', '2024-03-19 22:00:42', '2024-03-20 13:28:51');
INSERT INTO `recruitment_company` VALUES ('11', '米哈游', '北京金融大街25号', ' 0571-87227362', '123456@qq.com', 'https://xiaoyuan.zhaopin.com', '公司', 'http://localhost:9528/src/static/img/recruit/company/mihoyo.jpg', '2024-03-19 22:00:57', '2024-03-20 13:13:35');
INSERT INTO `recruitment_company` VALUES ('18', '1', '1', '1', '1', null, '<p>c测试</p>', 'http://localhost:9528/src/static/img/recruit/company/chaijun.jpg', '2024-03-27 17:52:55', '2024-03-27 17:52:55');

-- ----------------------------
-- Table structure for recruitment_resume
-- ----------------------------
DROP TABLE IF EXISTS `recruitment_resume`;
CREATE TABLE `recruitment_resume` (
  `id` int NOT NULL AUTO_INCREMENT,
  `cover` varchar(255) CHARACTER SET utf8mb4 COLLATE utf8mb4_0900_ai_ci DEFAULT NULL,
  `company_name` varchar(255) CHARACTER SET utf8mb4 COLLATE utf8mb4_0900_ai_ci DEFAULT NULL,
  `position_name` varchar(255) CHARACTER SET utf8mb4 COLLATE utf8mb4_0900_ai_ci DEFAULT NULL,
  `status` int DEFAULT NULL,
  `user_id` varchar(255) CHARACTER SET utf8mb4 COLLATE utf8mb4_0900_ai_ci DEFAULT NULL,
  `company_id` int DEFAULT NULL,
  `recruitment_id` int DEFAULT NULL,
  `gmt_create` datetime DEFAULT CURRENT_TIMESTAMP,
  `gmt_modified` datetime DEFAULT CURRENT_TIMESTAMP ON UPDATE CURRENT_TIMESTAMP,
  PRIMARY KEY (`id`) USING BTREE
) ENGINE=InnoDB AUTO_INCREMENT=21 DEFAULT CHARSET=utf8mb4 COLLATE=utf8mb4_0900_ai_ci ROW_FORMAT=DYNAMIC;

-- ----------------------------
-- Records of recruitment_resume
-- ----------------------------
INSERT INTO `recruitment_resume` VALUES ('1', 'http://localhost:9528/src/static/img/recruit/resume/resume.jpg', '汉高', 'Java开发工程师', '0', '1', '3', '46', '2024-03-27 18:37:54', '2024-03-30 17:25:27');
INSERT INTO `recruitment_resume` VALUES ('2', 'http://localhost:9528/src/static/img/recruit/resume/resume.jpg', '中国工商银行浙江分行', '前端开发', '0', '1', '1', '1', '2024-03-27 18:37:56', '2024-03-30 18:00:13');
INSERT INTO `recruitment_resume` VALUES ('3', 'http://localhost:9528/src/static/img/recruit/resume/resume.jpg', '中国建设银行北京分行', '数据分析师', '0', '1', '7', '62', '2024-03-27 18:37:58', '2024-03-30 17:25:27');
INSERT INTO `recruitment_resume` VALUES ('10', 'http://localhost:9528/src/static/img/recruit/resume/resume.jpg', '中国工商银行浙江分行', '数据分析师', '1', '1767474458358050818', '1', '49', '2024-03-28 00:50:04', '2024-03-30 20:51:52');
INSERT INTO `recruitment_resume` VALUES ('12', 'http://localhost:9528/src/static/img/recruit/resume/resume.jpg', '海天', 'java开发工程师', '2', '1767474458358050818', '4', '4', '2024-03-28 01:46:33', '2024-04-03 14:18:30');

-- ----------------------------
-- Table structure for ucenter_collect
-- ----------------------------
DROP TABLE IF EXISTS `ucenter_collect`;
CREATE TABLE `ucenter_collect` (
  `id` int NOT NULL AUTO_INCREMENT,
  `course_id` char(19) CHARACTER SET utf8mb4 COLLATE utf8mb4_0900_ai_ci DEFAULT NULL,
  `goods_id` int DEFAULT NULL,
  `recruitment_id` varchar(255) CHARACTER SET utf8mb4 COLLATE utf8mb4_0900_ai_ci DEFAULT NULL,
  `user_id` char(19) CHARACTER SET utf8mb4 COLLATE utf8mb4_0900_ai_ci DEFAULT NULL,
  `gmt_create` datetime DEFAULT NULL,
  `gmt_modified` datetime DEFAULT NULL,
  PRIMARY KEY (`id`) USING BTREE
) ENGINE=InnoDB AUTO_INCREMENT=36 DEFAULT CHARSET=utf8mb4 COLLATE=utf8mb4_0900_ai_ci ROW_FORMAT=DYNAMIC;

-- ----------------------------
-- Records of ucenter_collect
-- ----------------------------
INSERT INTO `ucenter_collect` VALUES ('11', '1765019119223398401', null, null, '1767474458358050818', '2024-03-28 20:46:20', '2024-03-28 20:46:20');
INSERT INTO `ucenter_collect` VALUES ('12', null, null, '4', '1767474458358050818', '2024-03-28 23:43:44', '2024-03-28 23:43:44');
INSERT INTO `ucenter_collect` VALUES ('18', '15', null, null, '1', '2024-03-29 01:39:36', '2024-03-29 01:39:36');
INSERT INTO `ucenter_collect` VALUES ('19', '1192252213659774977', null, null, '1767474458358050818', '2024-03-30 02:20:32', '2024-03-30 02:20:32');
INSERT INTO `ucenter_collect` VALUES ('20', null, '1', null, '1767474458358050818', '2024-03-30 18:08:01', '2024-03-30 18:08:01');
INSERT INTO `ucenter_collect` VALUES ('22', null, null, '44', '1767474458358050818', '2024-03-30 21:57:31', '2024-03-30 21:57:31');
INSERT INTO `ucenter_collect` VALUES ('23', null, '4', null, '1767474458358050818', '2024-03-30 21:58:05', '2024-03-30 21:58:05');
INSERT INTO `ucenter_collect` VALUES ('25', '15', null, null, '1080736474355224577', '2024-03-31 23:37:06', '2024-03-31 23:37:06');
INSERT INTO `ucenter_collect` VALUES ('26', null, null, '44', '1080736474355224577', '2024-03-31 23:37:23', '2024-03-31 23:37:23');
INSERT INTO `ucenter_collect` VALUES ('27', null, '32', null, '1080736474355224577', '2024-03-31 23:37:30', '2024-03-31 23:37:30');
INSERT INTO `ucenter_collect` VALUES ('34', null, null, '3', '1', '2024-04-02 20:52:08', '2024-04-02 20:52:08');
INSERT INTO `ucenter_collect` VALUES ('35', null, null, '46', '1767474458358050818', '2024-04-03 14:15:28', '2024-04-03 14:15:28');

-- ----------------------------
-- Table structure for ucenter_collect_copy
-- ----------------------------
DROP TABLE IF EXISTS `ucenter_collect_copy`;
CREATE TABLE `ucenter_collect_copy` (
  `id` int NOT NULL AUTO_INCREMENT,
  `course_id` char(19) CHARACTER SET utf8mb4 COLLATE utf8mb4_0900_ai_ci DEFAULT NULL,
  `goods_id` int DEFAULT NULL,
  `recruitment_id` varchar(255) CHARACTER SET utf8mb4 COLLATE utf8mb4_0900_ai_ci DEFAULT NULL,
  `user_id` char(19) CHARACTER SET utf8mb4 COLLATE utf8mb4_0900_ai_ci DEFAULT NULL,
  `gmt_create` datetime DEFAULT NULL,
  `gmt_modified` datetime DEFAULT NULL,
  PRIMARY KEY (`id`) USING BTREE
) ENGINE=InnoDB AUTO_INCREMENT=29 DEFAULT CHARSET=utf8mb4 COLLATE=utf8mb4_0900_ai_ci ROW_FORMAT=DYNAMIC;

-- ----------------------------
-- Records of ucenter_collect_copy
-- ----------------------------
INSERT INTO `ucenter_collect_copy` VALUES ('9', '1765734749115297794', null, null, '1767474458358050818', '2024-03-28 20:46:13', '2024-03-28 20:46:13');
INSERT INTO `ucenter_collect_copy` VALUES ('11', '1765019119223398401', null, null, '1767474458358050818', '2024-03-28 20:46:20', '2024-03-28 20:46:20');
INSERT INTO `ucenter_collect_copy` VALUES ('12', null, null, '4', '1767474458358050818', '2024-03-28 23:43:44', '2024-03-28 23:43:44');
INSERT INTO `ucenter_collect_copy` VALUES ('13', null, null, '53', '1767474458358050818', '2024-03-28 23:43:47', '2024-03-28 23:43:47');
INSERT INTO `ucenter_collect_copy` VALUES ('14', null, '10', null, '1767474458358050818', '2024-03-29 01:03:18', '2024-03-29 01:03:18');
INSERT INTO `ucenter_collect_copy` VALUES ('18', '15', null, null, '1', '2024-03-29 01:39:36', '2024-03-29 01:39:36');
INSERT INTO `ucenter_collect_copy` VALUES ('19', '1192252213659774977', null, null, '1767474458358050818', '2024-03-30 02:20:32', '2024-03-30 02:20:32');
INSERT INTO `ucenter_collect_copy` VALUES ('20', null, '1', null, '1767474458358050818', '2024-03-30 18:08:01', '2024-03-30 18:08:01');
INSERT INTO `ucenter_collect_copy` VALUES ('21', null, '16', null, '1767474458358050818', '2024-03-30 20:50:49', '2024-03-30 20:50:49');
INSERT INTO `ucenter_collect_copy` VALUES ('22', null, null, '44', '1767474458358050818', '2024-03-30 21:57:31', '2024-03-30 21:57:31');
INSERT INTO `ucenter_collect_copy` VALUES ('23', null, '4', null, '1767474458358050818', '2024-03-30 21:58:05', '2024-03-30 21:58:05');
INSERT INTO `ucenter_collect_copy` VALUES ('25', '15', null, null, '1080736474355224577', '2024-03-31 23:37:06', '2024-03-31 23:37:06');
INSERT INTO `ucenter_collect_copy` VALUES ('26', null, null, '44', '1080736474355224577', '2024-03-31 23:37:23', '2024-03-31 23:37:23');
INSERT INTO `ucenter_collect_copy` VALUES ('27', null, '32', null, '1080736474355224577', '2024-03-31 23:37:30', '2024-03-31 23:37:30');

-- ----------------------------
-- Table structure for ucenter_member
-- ----------------------------
DROP TABLE IF EXISTS `ucenter_member`;
CREATE TABLE `ucenter_member` (
  `id` char(19) CHARACTER SET utf8mb4 COLLATE utf8mb4_0900_ai_ci NOT NULL COMMENT '会员id',
  `openid` varchar(128) CHARACTER SET utf8mb4 COLLATE utf8mb4_0900_ai_ci DEFAULT NULL COMMENT '微信openid',
  `mobile` varchar(11) CHARACTER SET utf8mb4 COLLATE utf8mb4_0900_ai_ci DEFAULT '' COMMENT '手机号',
  `password` varchar(255) CHARACTER SET utf8mb4 COLLATE utf8mb4_0900_ai_ci DEFAULT NULL COMMENT '密码',
  `nickname` varchar(50) CHARACTER SET utf8mb4 COLLATE utf8mb4_0900_ai_ci DEFAULT NULL COMMENT '昵称',
  `sex` char(9) DEFAULT NULL COMMENT '性别 1 女，2 男',
  `age` tinyint unsigned DEFAULT NULL COMMENT '年龄',
  `avatar` varchar(255) CHARACTER SET utf8mb4 COLLATE utf8mb4_0900_ai_ci DEFAULT NULL COMMENT '用户头像',
  `sign` varchar(100) CHARACTER SET utf8mb4 COLLATE utf8mb4_0900_ai_ci DEFAULT NULL COMMENT '用户签名',
  `address` varchar(255) CHARACTER SET utf8mb4 COLLATE utf8mb4_0900_ai_ci DEFAULT NULL,
  `is_disabled` tinyint(1) NOT NULL DEFAULT '0' COMMENT '是否禁用 1（true）已禁用，  0（false）未禁用',
  `is_deleted` tinyint(1) NOT NULL DEFAULT '0' COMMENT '逻辑删除 1（true）已删除， 0（false）未删除',
  `gmt_create` datetime NOT NULL COMMENT '创建时间',
  `gmt_modified` datetime NOT NULL COMMENT '更新时间',
  PRIMARY KEY (`id`) USING BTREE
) ENGINE=InnoDB DEFAULT CHARSET=utf8mb4 COLLATE=utf8mb4_0900_ai_ci ROW_FORMAT=DYNAMIC COMMENT='会员表';

-- ----------------------------
-- Records of ucenter_member
-- ----------------------------
INSERT INTO `ucenter_member` VALUES ('1', null, '13700000001', '202cb962ac59075b964b07152d234b70', '小三123', '1', '5', 'https://guili-wenjian.oss-cn-guangzhou.aliyuncs.com/avatar/keli.jpeg', '嗨嗨嗨', '佛山科学技术学院', '0', '0', '2024-03-08 20:42:40', '2024-03-26 20:40:43');
INSERT INTO `ucenter_member` VALUES ('1080736474267144193', null, '13700000011', '96e79218965eb72c92a549dd5a330112', '用户XJtDfaYeKk', '1', '19', 'https://guili-wenjian.oss-cn-guangzhou.aliyuncs.com/avatar/keli.jpeg', null, '北京', '0', '0', '2024-03-09 16:51:28', '2024-03-09 16:51:28');
INSERT INTO `ucenter_member` VALUES ('1080736474355224577', null, '13700000002', '96e79218965eb72c92a549dd5a330112', '用户wUrNkzAPrc', '1', '27', 'https://guili-wenjian.oss-cn-guangzhou.aliyuncs.com/avatar/keli.jpeg', null, '北京', '0', '0', '2024-03-11 01:31:04', '2024-03-11 01:31:04');
INSERT INTO `ucenter_member` VALUES ('1086387099449442306', null, '13520191388', '96e79218965eb72c92a549dd5a330112', '用户XTMUeHDAoj', '2', '20', 'https://guili-wenjian.oss-cn-guangzhou.aliyuncs.com/avatar/keli.jpeg', null, '北京', '0', '0', '2024-03-14 06:17:23', '2024-03-17 06:17:23');
INSERT INTO `ucenter_member` VALUES ('1086387099520745473', null, '13520191389', '96e79218965eb72c92a549dd5a330112', '用户vSdKeDlimn', '1', '21', 'https://guili-wenjian.oss-cn-guangzhou.aliyuncs.com/avatar/keli.jpeg', null, '北京', '0', '0', '2024-03-13 06:17:23', '2024-03-13 06:17:23');
INSERT INTO `ucenter_member` VALUES ('1086387099608825858', null, '13520191381', '96e79218965eb72c92a549dd5a330112', '用户EoyWUVXQoP', '1', '18', 'https://guili-wenjian.oss-cn-guangzhou.aliyuncs.com/avatar/keli.jpeg', null, '北京', '0', '0', '2024-03-13 06:17:23', '2024-03-13 06:17:23');
INSERT INTO `ucenter_member` VALUES ('1086387099701100545', null, '13520191382', '96e79218965eb72c92a549dd5a330112', '用户LcAYbxLNdN', '2', '24', 'https://guili-wenjian.oss-cn-guangzhou.aliyuncs.com/avatar/keli.jpeg', null, '北京', '0', '0', '2024-03-14 06:17:23', '2024-03-14 06:17:23');
INSERT INTO `ucenter_member` VALUES ('1086387099776598018', null, '13520191383', '96e79218965eb72c92a549dd5a330112', '用户dZdjcgltnk', '2', '25', 'https://guili-wenjian.oss-cn-guangzhou.aliyuncs.com/avatar/keli.jpeg', null, '北京', '0', '0', '2024-03-13 06:17:23', '2024-03-14 06:17:23');
INSERT INTO `ucenter_member` VALUES ('1086387099852095490', null, '13520191384', '96e79218965eb72c92a549dd5a330112', '用户wNHGHlxUwX', '2', '23', 'https://guili-wenjian.oss-cn-guangzhou.aliyuncs.com/avatar/keli.jpeg', null, '北京', '0', '0', '2024-03-13 06:17:23', '2024-03-13 06:17:23');
INSERT INTO `ucenter_member` VALUES ('1191600824445046786', null, '15210078344', '96e79218965eb72c92a549dd5a330112', 'IT妖姬', '1', '25', 'https://guili-wenjian.oss-cn-guangzhou.aliyuncs.com/avatar/keli.jpeg', null, '北京', '0', '0', '2024-03-13 06:17:23', '2024-03-14 06:17:23');
INSERT INTO `ucenter_member` VALUES ('1191616288114163713', null, '17866603606', '96e79218965eb72c92a549dd5a330112', 'xiaowu', '1', '20', 'https://guili-wenjian.oss-cn-guangzhou.aliyuncs.com/avatar/keli.jpeg', null, '北京', '0', '0', '2024-03-13 06:17:23', '2024-03-13 06:17:23');
INSERT INTO `ucenter_member` VALUES ('1195187659054329857', null, '15010546384', '96e79218965eb72c92a549dd5a330112', 'qy', '2', '21', 'https://guili-wenjian.oss-cn-guangzhou.aliyuncs.com/avatar/keli.jpeg', null, '北京', '0', '0', '2024-03-17 11:51:58', '2024-03-17 06:17:23');
INSERT INTO `ucenter_member` VALUES ('1767474458358050818', 'wxwx', '18998545992', '96e79218965eb72c92a549dd5a330112', '王慕霸', '2', '23', 'http://localhost:9528/src/static/img/userAvatar/海绵宝宝.jpeg', '我王慕霸没有开挂', '北京', '0', '0', '2024-03-12 16:55:24', '2024-04-04 01:45:36');
DROP TRIGGER IF EXISTS `generate_unique_value`;
DELIMITER ;;
CREATE TRIGGER `generate_unique_value` BEFORE INSERT ON `edu_subject` FOR EACH ROW BEGIN
    DECLARE new_value INT;
    SELECT MAX(sort) + 1 INTO new_value FROM edu_subject;
    IF new_value IS NULL THEN
        SET new_value = 1; -- 如果表中没有数据，则初始值为1
    END IF;
    SET NEW.sort = new_value;
END
;;
DELIMITER ;
